id,time,text
0,0:00:01,"申花再见,"
1,0:00:01,"有些祝福,很陌生,有些人,早已渐行渐远,"
2,0:00:02,",月,号,你好,明天乃至以后的每一天都别荒废了"
3,0:00:02,",每日随笔,难得两天天晴,结果晚上就开始下雨了,悲剧的在单位,出来没带伞,希望明天回去不要下雨,最近预订的卡带还没发货,只能看着网上讨论干瞪眼,希望不要拖的太晚,就这样,会周公去啦,"
4,0:00:02,",快乐,其实不想奔三,我想永远,"
5,0:00:02,"看到消息我都惊呆了,以为被盗号了呢,晚安,"
6,0:00:02,",狗儿生日快乐,看图"
7,0:00:02,"宿舍的风扇声,好有夏天的感觉,"
8,0:00:02,"最重要的是今天的心情,别总是自己跟自己过不去,用心做自己该做的事,不要过于计较别人的评论,每个人都有自己的活法,多爱自己才会拥有生活,不必一味讨好别人,木已成舟便要顺其自然,不妨暂时丢开烦心事,感觉幸福,就是幸福"
9,0:00:02,"情绪跌岩起伏的,月,白白啦,月一定是妥妥的一月,"
10,0:00:02,",爱奇艺看视频,纳米核心,第,集,回复,"
11,0:00:02,"亲爱的老妈生日快乐,"
12,0:00:02,我不该来吧
13,0:00:02,"又到了最不喜欢最难过的,月份,我只想土土得来一句,我们,三月份都好过点,"
14,0:00:02,",青银高速,山东段,唐王立交以东约,银川方向,压车现象解除,道路恢复畅通,"
15,0:00:02,"陈翔,当前的人气值,歌手人气排名,第,名,粉丝支持人数,人,一起来给他加油吧,"
16,0:00:02,"呀呀呀呀明天有人生日,谢谢我为你守零,不要太感谢我,多时间来东厦看看我们呀呀,生日快乐哦,"
17,0:00:02,"一夜一夜熬出深深黑眼圈,这就是我爱你的表现,答哩啦哩啦答答,答哩啦哩啦答答,答哩啦哩啦答答,熬夜变熊猫,现在是红吞吞扮演的陈萌萌附体的爱菜酱不靠谱时间,点整,"
18,0:00:02,",亲爱的灿哥,生日快乐,下辈子你是姐姐,我是弟弟吧,"
19,0:00:02,"时光悠悠真没想到十七岁的雨季会来得这么快,再过一年就可以光明正大的早恋而不会被卿阿姨拿着棍子撵啦,祝生日快乐,双鱼女神的男票都送兰博基尼,"
20,0:00:02,",生日快乐生日快乐,虽然还在生气居然是以这张方式,不过看到今天你是老大就算了嘛,哎呀,本来准备了一堆要说的,现在都说不出口了,等我那天酝酿好了慢慢悄悄给你说哈,以后的日子一起过,"
21,0:00:02,"正太仔,生日快乐,感谢你,年的陪伴,希望有更多的,年,今天你最大,年了我都没有陪你过过生日,今年一定陪,感谢阿姨在,年的,月,日生下你,"
22,0:00:02,"在,女特工,中,罗晋饰演的国民党教官贺俊峰面冷心热,冷峻深沉,因为一段不为人知的往事在情感上封闭了自己,但是遇到唐嫣,饰演的捣蛋女学生钟离最终还是敞开心扉,在各种生死考验中将爱情进行到底,"
23,0:00:03,"二月第一天,春风化雨,晚安,我的全世界,好梦,爱茻,"
24,0:00:03,"突然意识到已经三月份了诶,二月过得太快了吧,"
25,0:00:03,"气的翻跟头,前两天黑哥的微信个人号被腾讯关了,原因据说是,因为在公众号暗示大家去点赞了,这是什么道理,设计点赞的功能不就是让大家去点的吗,朋友圈的小伙伴们,不能玩耍了,"
26,0:00:03,"又到周五了好开心好嗨皮,胡政尧"
27,0:00:03,"我家可愛的,生日快樂,今年很,的,還有我們愛的,希望得到你的祝福,以後我們還會在遠方陪伴你的,岁一定要開開心心快快樂樂的,我亲爱的猪猪生日快乐,"
28,0:00:03,"二月,晚安,"
29,0:00:03,"感谢,验证码问题已解决,验证码过期是怎么回事,"
30,0:00:03,"二月二,龙抬头,麻辣鲜香的,花椒鱼,实在太好吃,小西"
31,0:00:03,",月,日,天,我们会越来越好,只要你过的好,心情好,我也就会开心,满足,一直爱,下去,"
32,0:00:03,"生日快乐,你二十岁前没陪你完整,以后的日子我都在你身边,愿我们一直,不能给你惊喜了,对不起哈,不过要相信我越来越会对你好的,有你我很开心,很幸福,我爱你,生日快乐,宝贝,后面的日子手拉手一起走,"
33,0:00:03,"宝贝菲菲生日快乐,心照奶罩波波照,长大一岁越来越爱我生性一点乖一点,别老是不开心跑去喝酒了,我懒得抬你,生日礼物祝你长高一点就好了哈哈哈,话不多说,"
34,0:00:03,有了钱就可以享受生活
35,0:00:03,"亲爱的三月,你好,请保佑我的新品快快来到,"
36,0:00:03,"我身边也有练功的老太太,嘛事我都能撞上,我太不凡了,我都觉得我有点受不鸟自己,"
37,0:00:03,"我离开很久很久,你却说我从不想念"
38,0:00:03,",月最后一天,转眼间新的一年都过去俩月了,能感叹么,时间啊,你到底去哪儿了,未来,确定目标和执着的精神会让所有梦想都实现,"
39,0:00:03,"陶陶么么哒,生日快乐,词穷了,你知道我的语文水平,"
40,0:00:03,"我的理想就像你,说的,一身武艺,然后一街兄弟,哈哈哈"
41,0:00:03,"晚上一定是疯了,买了彩票竟然中了,其实那个我一共买过两次,两次都是买一个人生日,打球打到快十一点有木有,超爽,还有吃点心,"
42,0:00:03,"不去看,不会烦恼,不去想,不会难受,一再的去证实,只会让自己胡思乱想"
43,0:00:03,"我诅咒你二十四岁之前找不到男朋友,之后你就是我的了,哈哈"
44,0:00:03,",矮油,不是第一个,我是不是最后一个哇,生日快乐,包纸哥哥,长大一岁又英俊了,什么时候再带我去你家采发发呀,怡心吴"
45,0:00:03,"三月啦,迎即将来一周的雨天,"
46,0:00:04,"宝贝,生日快乐,爱幻想的你会遇到你的真命天子的,本来想爆另外一张照,介于怕你打我,就算了,可惜没有和你的合影,永远的十八岁哟,开心就好,"
47,0:00:04,"其实很简单的原理,你喜欢我,你闭嘴听我说,只有我喜欢你,我才会乖乖闭嘴听你说,是吧,"
48,0:00:04,"凌晨,点新的一天,"
49,0:00:04,"会做的不如会说的,会跳的不如会唱的,看来人是属蝙蝠的,只相信耳朵听到的,眼睛只是摆设,一句话,缘起缘灭,一句话,战争和平,一句话,欣喜怨恨,"
50,0:00:04,",月份,"
51,0:00:04,"生活就像鸡蛋,要么被外力打碎,要么从内迸发,获得新生命,视觉东方,男生工作室,帅哥美男画报"
52,0:00:04,"今天听宿舍同学说了好几家日式料理店,价格差距很极端,然寿司,四叶,一志,铃木食堂,丸龟制面,前两个这几年是没戏了,后面的可以去吃吃看,"
53,0:00:04,"愿岁月静好,现世安稳,"
54,0:00:04,"在记忆里,有一些瞬间,经历时没什么特别,回想时,却胜过千言万语,"
55,0:00:04,"好东西要大家一起分享,快来打扮自己吧,全场包邮哦,我分享了,"
56,0:00:04,"嘿嘿,那个超级无敌喜欢权志龙的美女庄倩羽,祝你生日快乐了呗,对,说的,"
57,0:00:04,"回去吧,何必要经历危险,如果你来自另外的星球,能不能在深夜悄悄告诉我,"
58,0:00:04,"我们推广的增大产品官网的售价是,元,我们仅售,元,请不用怀疑是不是正品,我们让你有充分的时间验证,任何不满意无理由退换买的放心吃的更放心,第一盒服用期间发现任何一点不适就退,无理由,我们诚信推广,薄利多销欢迎大家按疗程购买,详情请进淘宝,三盒以上包邮,"
59,0:00:04,"半周年快乐,一直走下去加油,"
60,0:00:04,"自己的女朋友,自己心疼,好好休息啊,最爱你,"
61,0:00:04,"一条街,所无证托管班,广州的东山街,名校林立,学生多,托管班自然多,广州市越秀区人大代表王敬民就调查发现,仅仅是东山街,由民居改建的托管班就多达,间,"
62,0:00:04,"大美妞生日快乐,明天见,"
63,0:00:04,"噢对,二月再见,三月你好,"
64,0:00:04,"胖纸,哈哈还是老套的说句生日快乐啦哈哈哈哈,好事多磨哈哈生日礼物正在绞尽脑汁的形成,再等等,明天是你小男淫的,哈哈不要太幸福了,话不多说,祝我生意兴隆哈哈哈哈,"
65,0:00:04,",月最后一天,今年已经过去六分之一了啊,一堆事还没完成啊,详情,"
66,0:00:04,"纪念一下今年,年第一次洗冷水澡,"
67,0:00:04,"欧豪,厦门巡演,主场姓欧,某家不要太过分,我只是想跟兴奋的在现场看演唱会而已"
68,0:00:04,"蛋糕,蜡烛,愿望,幽默的情景剧,这一刻,有开心,感动,祝福和动力,让我们这个家庭又恢复了以往的活力,"
69,0:00:04,泡个小脚
70,0:00:04,"发鸡汤还配自拍的是玩真心话大冒险输了么,"
71,0:00:04,"还有两分钟,下了个鬼魂探测器,下了五首歌,还剩,再发条微博,移动,绝不便宜你,"
72,0:00:04,"沈勇家人声言是警察殴打导致他死亡,警方则坚称沈勇是在押期间突然患病,当地媒体报道说,沈勇死亡案受到调查,但是到年底的时候没有进一步的消息,在沈勇死亡之后,当局又逮捕了,多个进行抗议的上访者,"
73,0:00:04,",终于熬到,点了,生日快乐,周岁了,不过还是未成年啊,在被窝里我竟然能坚持到,点,这算不算是一个小惊喜,你肯定以为我已经睡得和猪一样了吧,不要太感动,晚安,在一起的第,天,快说你爱我"
74,0:00:04,"有时候,就算后悔也要去做的事,是为什么,"
75,0:00:04,瞬间脑残了
76,0:00:04,"一觉醒来睡不着了,是期待么,呵呵,或许还真是,"
77,0:00:04,"再秀一发定位吧,收拾收拾,明天我也滚蛋了,金港名都,"
78,0:00:04,"当你讨厌一个人的时候,你是不是连信息,微博,短信,电话都懒得接了,"
79,0:00:04,"三月来了,这个月我不要有分开,阳光灿烂的三月,还要和你们一天一天积累快乐沉淀幸福,三月快乐,春天快乐,不可以说再见,"
80,0:00:04,"留个纪念,"
81,0:00:04,"第一次卖东西,绝对正品,化妆品,化妆神器,丰胸神器,面膜,瘦身霜,瘦脸霜,瘦腿霜,睫毛增长液,头发增长液等,总之就是要你美,然后跟我一起去做麻豆吧,欢迎各位前来问价,"
82,0:00:04,"在学校唯一比家里好的就是可以躺床上抽烟,两天没洗头了自黑,"
83,0:00:04,",旧帖重温,于,发表,没听说过,在,小妖怪,上帝啊,偶他需要一扇窗,的大作中提到,找到这么个信息,"
84,0:00:04,"一肚子火,"
85,0:00:04,"扣奶奶的手工铺,定制就是萌呀,不过手机把绿色照成蓝色这种事,"
86,0:00:04,",号快乐,"
87,0:00:04,"清闲无事,坐卧随心,虽粗衣淡饭,但觉一尘不染,忧患缠身,烦忧奔忙,虽锦衣厚味,只觉万状哭愁,明代陈继儒,小窗幽记,"
88,0:00:04,"幸福感指数爆增,好满足,"
89,0:00:04,"粑粑回家了,你就陪嘛嘛一起睡吧,我是一颗臭皮蛋"
90,0:00:04,"不知不觉已七年咯,很多事情一起经历和分享,最了解我的就是你啦,当然我也是相当了解你,不知道以后会发生什么,但是我们总会相互支持的,成年快乐,亲爱的,献上一张你已经遗忘的照片,"
91,0:00:04,",月,再见了,月,你好,"
92,0:00:04,"肥浩,奔二了哟,有啥感受呢,又老了,还天天缠着要红豆糕,不过,你牛一,你最大,放月家回屋再买给你吧,要懂事啊,别老挂着吃红豆糕啊,不过,还是要跟你说史上最老套的话,生日快乐,"
93,0:00:04,"生日快乐,岁,祝成熟,祝坚强,祝初心不变,"
94,0:00:04,"属于我们两的节日,这种感觉真美好,"
95,0:00:05,"陌上人如玉,明里艳无双,巧克力爱吃發哥"
96,0:00:05,"大姐姐生日快樂哦,很開心可以認識你,很久沒見咯,很想你,禮物不能準時寄給你,不好意思啦,因為上班,有點忙,過幾天就給你咯,我們,月間哦,約定好的,你不能反悔不來哦,等著你蛤,"
97,0:00:05,"终于到,点了,生日快乐,小包子,"
98,0:00:05,"陌陌吧,后,吧发布了一个话题,赚钱心得,有兴趣的朋友看看,"
99,0:00:05,"心情不好的时候,一个人就看看以前的状态和微博,很多以前舍不得删掉的东西,最终还是删掉了,"
100,0:00:05,"单身一周年纪念日,"
101,0:00:05,"你会说我记不住我们的点点滴滴,我只要记住你就好了,一年快乐,有你就快乐,得到高升"
102,0:00:05,"想念蓝天,"
103,0:00:05,"我一个人,思念一个人,身边一个人,心里一个人,周围还有好多人,我还是一个人,天涯海角,唯望君安,"
104,0:00:05,很荒唐的喜欢过一个人
105,0:00:06,"乐乐,生日快乐,有你的日子我也是快乐,爱你每天,"
106,0:00:07,"教你从头到脚补充果蔬,西兰花,香蕉,护脑,胡萝卜,柑橘,护眼,青椒,猕猴桃,保护牙龈,西红柿,草莓,保护心血管,百合,梨,润肺,蘑菇,青苹果,护肝,花菜,黑提,补肾,山药,桑葚,健脾胃,莴笋,樱桃,保养关节,豌豆,柚子,防脚气,健康养生,"
107,0:00:07,"晚安,好梦,明天见,"
108,0:00:07,"分享,的歌曲,伊凡赛斯一专最喜欢的一首歌,因为三年前看到的那个吊炸天的,地狱神探,的同人,分享自,虾米音乐,"
109,0:00:07,",接下来是,家的小镜子腮红,这次我拿了特别可爱的薰衣草紫粉色哦,涂在脸上很自然,它的小粉扑在底下哦,只有那么可爱了,带走"
110,0:00:07,"祝你幸福,"
111,0:00:07,"亲爱的,生日快乐,岁祝你早点找到你的真命天子噜,不开心的事惹你不开心的人全部都进淋,还有能去霓虹见到生人,爱你啦,"
112,0:00:08,",香港行"
113,0:00:08,",慢慢着急,着急我的世界里没有你,"
114,0:00:08,"真心苦啊累啊酸啊,"
115,0:00:08,",保持交友的弹性,敌人也可以变成朋友,"
116,0:00:08,"君看磊落士,不肯易其身"
117,0:00:08,"和哆啦梦的女儿,"
118,0:00:08,"亲情摄影能看着你,就是作为妈妈最大的满足,详情,"
119,0:00:08,我选你
120,0:00:08,"好有爱,"
121,0:00:08,"明天搬家,要提前感谢这两位姐妹来帮我搬,晚安啊,"
122,0:00:08,"我是要变成与社会接轨的人,还是坚持那个心中真正的自己,前提二者都是好人,只是前者是适应社会的,但不是真正的我,后者不能很好融入社会,但是真正的我,一直矛盾于此问题,我到底要成为谁,"
123,0:00:08,"我来到在这个世上,不是为了给自己省麻烦而活,而是为了成为一个真实的,有血有肉有灵魂的人而活,而人最大的虚伪,莫过于说的跟想的不一样,做的跟说的又不一样,只有当一个人强大到一定地步,才会有此随心所欲讲真话的底气,毛路,人生对人生观开的玩笑,"
124,0:00:08,"最亲爱的自己,生日快乐,"
125,0:00:08,",晚上和敏,娟在东门吃烤鱼,辣屎,晚上三个人卧聊到两点多,睡到早上,点,"
126,0:00:08,"陈培智,生日哈皮,"
127,0:00:08,"现在受的苦是当初选专业进的水,麻痹,个赞,"
128,0:00:08,"二月的最后一分钟,我终于躺床了,"
129,0:00:08,"瑞雪兆姻缘,"
130,0:00:08,",对会唱歌的男生是毫无抵抗力啊,"
131,0:00:08,"找一个能珍惜你青春年华的人,真的很难,时间很宝贵,我又耗了多长时间,"
132,0:00:08,"从小就喜欢黏着的表姐结婚了,就比我大一岁步伐却快很多,"
133,0:00:08,"我最爱的婷婷,生日粗卡,"
134,0:00:08,"第三个生日快乐,还会有很多个生日快乐,生日快乐我的黑框男神,胡夏生日快乐,"
135,0:00:09,",小,姐,借,个,嘴,行,么"
136,0:00:09,"极品飞车,新作将提供了,余种路线配置的,条赛道,次外还有现实世界赛道以及虚构的跑道,玩家可以在,这类世界知名的赛道上奔驰,或是在精心打造的虚构跑道上感受陡坡,急弯带来的驾驶考验,"
137,0:00:09,"捏个三月同你过,"
138,0:00:09,",岁的尾巴,生日快乐,"
139,0:00:09,"晚睡的健康代价,你习惯晚睡熬夜吗,太晚睡觉,熬夜的直接危害是让人白天容易疲劳,精神不振,皮肤受损,容易提前老化,影响内分泌,免疫力下降,如果长期熬夜,更会出现失眠,健忘,易怒,焦虑不安等精神症状,很多人熬夜是因为丰富的夜生活,但为了健康还是早点睡吧,"
140,0:00:09,"当坏消息将你打倒,当痛苦渗入你的骨髓,我真心希望你知道,你永远拥有两个选择,你可以永远在昏天黑地中打转,你可以哀伤,然后用一双平静的眼面对未来,生命中最美好的事都是免费的,"
141,0:00:09,"三月份了,作为孜孜不倦的,抽奖爱好者,也积累了一些重量级的奖品,即日起关注,转发微薄并,一等奖土豪金,名,二等奖,名,三等奖支付宝转帐,元,名,四等奖肥皂自取,月,号通过,抽出,名幸运小伙伴,祝各位好运,"
142,0:00:09,物是人非
143,0:00:09,"杨越他就是个笑话,"
144,0:00:09,"图片谜,打一昆剧名,昆曲朝临"
145,0:00:09,"放羊的星星,主题曲,我们的纪念,这首歌曲是台湾歌手李雅微自行创作并演唱的,随着,放羊的星星,的热播,她的名字很快在网络中成为歌手搜索的热门,其唱片公司趁势头在内地发行其首张个人专辑,以助她实现音乐梦想,达成五年来的心愿,"
146,0:00:09,"我一路狂奔,渴望在拥挤匆忙的人群里找到一个和我相似的面孔,她和我有相似的命运,"
147,0:00:09,"面对这盏灯已经太久,给我一个理由让我安眠,"
148,0:00:09,",夜半,突然想起某些人某些事,"
149,0:00:09,"做事要用脑,做人要用心,言多必失,夹着尾巴做人没错,"
150,0:00:09,"三月份,你好,"
151,0:00:09,"真汉子不打手,枪,吐槽奇妙的,换枪为赞,"
152,0:00:09,",胡夏生日快乐,胡夏,岁生日快乐,期待你,年的改变,胡夏"
153,0:00:09,"最强大脑,点赞,这一期看得酣畅淋漓"
154,0:00:09,"测试,海底捞起神无月,岭上开满百合花,要是你能完全读懂这句话里面的所有梗,你也就不要再去期盼治疗了,"
155,0:00:09,"你滚嘛,粉丝涨安逸没得嘛,怕是一辈子你都涨不到几个粉丝是不,你觉得是你一个人的力量大还是全体贵州人力量大,草寇,出门碰到贵州人你不遭搞死,现在道歉有卵用,"
156,0:00:10,看到别人幸福也是一件特别幸福的事呢
157,0:00:10,"总是自己强迫自己找理由来解释发生不愉快的一切,也在跟自己找理由自己原谅自己,一张大人脸,做直小孩事,总是伤害自己身边对自己好的人,敏感的觉得别人对自己不够好,其实明明可以独立,却随便抓起身边的人,习惯依赖然后抽离再依赖,累,"
158,0:00:10,"傻儿子,你终于长大了,和,好好处,我盼着抱孙子,"
159,0:00:10,"晚安,二月的最后一个晚上,三月,从明早的第一个自习开始,"
160,0:00:10,"子时,"
161,0:00:11,"的,道道道"
162,0:00:11,"法拉利,更多细节曝光,新车最大功率确定为,马力,整备质量,公斤,加速约,秒,加速约,秒,制动距离为,米,限量生产,台,仅提供三种车身颜色,预计为红,黄,白,售价,万欧元,将于,月份内瓦车展上正式发布,月份交付客户,"
163,0:00:11,"葡萄籽,具有超强抗氧化能力,是维他命的,倍,能延缓衰老,维护皮肤健康,阻止紫外线对皮肤的侵袭预防动脉硬化,也有皮肤维他命之称,是维他命的,倍,其中的酚花青素,据脂溶性及水溶性的特质,有美白作用,在欧洲,葡萄籽被誉为,口服的皮肤化妆品,"
164,0:00:11,"所有的悲伤难过,冷静一段时间,事后都会觉得没什么大不了,时间终将比较强悍,晚安,难过的燕子,坚强勇敢的面对,"
165,0:00:11,",阿姐生日快乐阿,和姐夫沛儿在广州玩得开心吗,祝你事事顺心工作顺利身体健康越来越年轻越活越精彩,礼物以后你回来探我再补你了,爱你的老弟"
166,0:00:11,"滋味,"
167,0:00:11,"学校停水的这个臭毛病果然还是改不了,"
168,0:00:11,"批发商反馈,自从用了产品后原来用的所有产品都是浮云,白天出门婴儿霜,娃娃浓密睫毛膏,温变胶原唇膏,裸妆必备三宝啊,好的皮肤底子加上稍微的调色整天的气色都会很好,"
169,0:00:11,",月份就这么过去了啊,太快了,"
170,0:00:11,"渐渐的发现自己真的经历得太少,后面的岁月太长,我不需要太完美的爱情,只想有一个永远不会放弃我的人,"
171,0:00:11,"怀念,岁的她,可惜已经随着时光找不回来了,"
172,0:00:11,"好想睡觉,和我此时头对头的她,翔花,生日啦,我想一丢丢的感动一下她呢,哈哈不多说了,她懂的,祝你生日快乐,关键是早日脱单,哈哈,面具下的绝代风华"
173,0:00:11,"时间太快,变化瞬息,最近感觉自己老咯,要好好爱自己,做最好的自己,不如从换个发型开始,"
174,0:00:11,"回复,波波,对博文,芷馨恋语,浅妤清懿,感谢有你们,的评论,"
175,0:00:11,"终于有时间可以码字了,虽然感觉有点不知所云,但好歹又更新了一章,有人看我写的东西就已经很开心了,要再接再厉争取把故事圆好,加油,回宿舍的路上看到有卖棉花糖的小摊,忍住了,嘿嘿,"
176,0:00:11,"这个世界上没有什么事是放不下的,等到真正的痛了,你自然也就是会放下了,"
177,0:00:11,"画,平面设计,颤抖吧地球人,"
178,0:00:11,"救赎,"
179,0:00:11,"卖萌蛋糕君又该出现啦,知道你最注重身体健康,所以希望你以后都不要生病,能健健康康地生活学习和看老少年们崽子们,总比我先老一步,我就不计较啦,愉快的玩耍了这几年,还要有很多年,三月一到,春天来了,踏春到来的熊猫姐生日快乐快乐,"
180,0:00:11,"视频,哥斯拉,剧场版预告,分享自,"
181,0:00:11,",个区县人影部门炮手大比武,日,天津市首届人工影响天气作业人员高炮专业技能大赛举行,来自全市,个区县人影部门的,名炮手参加角逐,同军事演练中要求炮手射击的命中率不同,人影炮手最看重反应神速,人工增雪,雨,的空域时间只有二三十秒,不快速,准确发炮就无法成功,"
182,0:00:11,"发烧留鼻涕,闹的,睡的睡的就哭醒了"
183,0:00:12,"梦见自己又去凤凰了,还下着大雪,还是那个客栈大姐,在吊脚楼的走廊里看着外面,白雪皑皑,一切都很好,"
184,0:00:12,"你不要被我骗了,这个世界上,还有险滩那边的悠扬的号子,还有和利箭一起飞出的鹰隼,还有袖口重重叠叠雍容的百花,还有踩乱泥泞田垄的一串脚印,"
185,0:00:12,",摊开你的掌心握紧我的爱情,不要如此用力,这样会握痛握碎我的心,也割破你的掌你的心,"
186,0:00:12,"互动话题,过度医疗,中国之声,节目互动,取消门诊输液引热议,感冒发烧要想好得快,就去医院打点滴,这是很多人的想法,实际上,根据国际医务惯例,门诊本不提供输液,但目前全国各地大医院门诊和社区诊所都提供输液服务,为什么病人愿意输液,动辄输液会带来哪些问题,点半央广夜新闻,"
187,0:00:12,"我的给力小代理发来反馈,宝岛魔皂,用过它就会觉得自己以前用的洗面奶都弱爆了哦,清洁皮肤超级好,妆都可以卸掉哦,最不喜欢卸妆油那种油腻腻要么就是卸掉皮肤超级干的感觉,魔皂最重要的是无刺激,哈哈哈,夸我是好微商,啦啦啦不会让客户失望的好产品,"
188,0:00:12,"你因为谁开通微博,我会说我是因为一个根本不认识的在百度上问问题的人吗,"
189,0:00:12,魏晨
190,0:00:12,",月,满满的温暖和感动,我很快乐,"
191,0:00:12,",我有一颗陪你到老的心,生日快乐,眨眼之间我们都这么大的人了,原谅我们曾经的年轻不懂事会时常吵架打架而都是因为一些小事,就算如此我们还是是彼此忠实的听众,幸好有你,庆幸有你,"
192,0:00:12,"做好手中事,珍惜眼前人,"
193,0:00:12,"放松心情,透透气,"
194,0:00:12,",向你推荐这个微淘帐号,福田农业专营店,"
195,0:00:12,"妈的这些狗杂种,已经逝去的人命不是拿给你们为了红为了访问量拿来造谣的,不怕晚上不安生就继续张着批嘴乱放屁,"
196,0:00:12,",了,夏宝,生日粗卡,微博给你送祝福,不能去生日会,表示很遗憾,继续爱你,支持你,快出四专吧,爱你,爱你的一切,"
197,0:00:12,"最后一分钟,生快,从此,"
198,0:00:12,"怀孕的女人最美,新的一年新的开始,生命之源长流不息,家庭最快乐的莫过于有一个小生命降临,在这一刻,紧张,焦虑的心态,但是当小生命降临的一刻,什么也是值得的,希望每个刚新婚的家庭幸福,快乐,详情,"
199,0:00:12,"不二生日快乐,"
200,0:00:12,"领下证了,"
201,0:00:13,"二月没了,三月希望你让我省体健康,"
202,0:00:13,"真心搞不懂我到底怎么了,晚安,迎接后天的开学,"
203,0:00:13,",胡夏生日快乐,生日快乐,天天开心,身体健康,一切顺利,永远幸福,"
204,0:00:13,"没有理由没有勇气,上星期的今天我是带着泪水见你的今天晚上努力挤出个笑脸在天国里你看到吗,你的小不点现在已经长得这么大了你欣慰吗,感谢你们最爱我的婆婆嘛嘛跟粑粑,"
205,0:00:13,"梦醒时分,给感性与敏感的自己,点击进入,"
206,0:00:13,"渴望无拘无束的生活,我现在究竟是为了什么活着,睡了睡了,明天还得八点起来上班,我绝不是这世上最可怜的人,晚安"
207,0:00:13,"今天做公交,旁边一妖艳女人打电话说,人家开车去啊,要不怎么的,你又不心疼人家,打车脏死了,然后就巴拉巴拉一堆,最讨厌她这种类型的,刚在心里各种厌恶,后边坐的男森就拿出电话,很大声很大声的冲那女人手里的电话喊,老子在公交车上,挤死了,那女人立马回头一个白眼,哈哈,"
208,0:00:13,"一枚苗粉的夢想,這樣一個寧靜的夜晚,沒有夏季的燥蟬鳴鳴,沒有秋季的落葉聲聲,亦沒有冬季的雪花簌簌,卻有這剛入春的微風徐徐嬌枝吐蕾,勞累了一天的你,但願夜裡有個好夢,晚安,"
209,0:00:13,"虽然是从很肤浅的事情中懂得的道理,没有深入了解不要去随便评判一件事物,让别人尊重你所珍爱的东西前提是你要先尊重别人所珍爱的东西,不是需要真相,而是需要人们需要的真相,我只想说虽然是网络世界大家都想吐槽但网络不是只用来吐槽的喜欢朴槿惠喜欢普京喜欢韩国喜欢俄罗斯"
210,0:00:13,"宁波大雨不停啊,"
211,0:00:13,"我的节目,梦想,你飞吧,致,高考高三学子,来自心若向阳,无畏伤悲,快来听听,下载,可离线收听,"
212,0:00:13,"真想回去当年,再来一次一定不会是这样,"
213,0:00:13,",生日快乐呀,话不多说你懂就好,我就不和,比谁的备忘录多了,请博友们原谅我今天的矫情,"
214,0:00:14,"为什么别人都那么幸福,"
215,0:00:14,"叫兽只有易小星,虽然我也很喜欢那个欧吧可你这个糟糠之妻才才是最最不忍割舍的心头肉啊,"
216,0:00:14,"天呐,我手气要不要这么背啊,老是输钱,我决定了,不打牌了,不打了,真不打了,无处安放的菜花"
217,0:00:14,",祝幸福,拥抱你两,"
218,0:00:14,"演箫剑那个演员现在脸胖的,按他脸形烙张饼能啃半拉月,"
219,0:00:14,"碎了,晚安哒,"
220,0:00:14,"如果你能出现在我面前,哪怕只有短短几秒也好"
221,0:00:14,"都说女人善变,没错,她们可以剪水秋瞳含情脉脉,可以张牙舞爪霸道异常,妄图去揣测她们内心世界,必将让你死得其所,"
222,0:00:14,"到底怎么做才能让你成为一个有责任感的男朋友,学会不要一而再再而三的作践我的心情,"
223,0:00:14,"好吧,你要断,随你了,同是摩羯,我懂,她懂,你不懂,"
224,0:00:14,"我特别佩服而且是越来越佩服中国足协淘人的本领,阿兰,佩兰,何许人,为什么选他,放着那么多有能力且证明过自己的教练不找,真够可以的,"
225,0:00:14,"特意发个微博好了,找了半天没能找出一张正常的合照,恭喜你已经到了可以领证的年纪,我妈开玩笑说快去把证领了赶紧工作生娃吧,一步步来,一步步走,一起走,农历生日快乐,爱你张小胖,"
226,0:00:14,"惨了,乱吃东西的结果,"
227,0:00:14,"睡觉,周末来了,"
228,0:00:14,"过两天十七岁就来了,岁月好快,"
229,0:00:14,",月,请让我心情好一些,请让我看开一些,请让我坦然一些,早安,"
230,0:00:14,"今天本来妆都化好,结果某人一个电话打来说我这么晚还没出门干脆不见了,嘲笑了下镜子里的自己,恨恨地把妆卸哦不过还是美美地和,回来吃小吃看电影到现在才回来被我爸凶得好惨,亲亲么么哒,朋友真的能填补你的冷,"
231,0:00:14,"虽然还特别木有能力干什么,但是感情需要惊喜,对不起,偶尔的奢侈一次,因为一份值得的冲动,矛盾而窃喜,晚安,明天会更好,"
232,0:00:14,"年轻不是我们的资本,我们也不能拿青春当资本,因为青春它伤不起,"
233,0:00:14,",岗岗加油,最棒,"
234,0:00:15,"诶,你有没有觉得今年二月特别漫长,你好,三月,"
235,0:00:15,"终于回来了,好贵,"
236,0:00:15,"明天要男生们为女生拍女生节视频我觉得我太大牌了这种小场面就不用上场了所以,家里了,"
237,0:00:15,"少女时代,国民女团油管第一其他我就不说了九姐姐加油三月等你们回归,详情,"
238,0:00:15,"生日快乐宝贝,陪你的第三个生日,会看着你越来越耀眼,得到越来越多的肯定,你可是我的爱人,一直深爱从未改变,胡夏,生日快乐,我会一直爱你,"
239,0:00:15,"我会好好努力让自己更好,"
240,0:00:15,"真的很搞笑,我干嘛真么关心呢,关我屁事啊,"
241,0:00:15,"岁月会一直存在,"
242,0:00:15,"提前祝我老乡们新年快乐,希望在新的一年里我们更棒更好,最主要的是身体健康,每次过年都是在学校,还好有小伙伴从未感到,希望我们更能珍惜每一天,好好感受每一天,昨天时间去哪了,今天时间也还在,明天,我们还剩多少的时间,听着阿笔,时间都去哪儿了,心情,"
243,0:00:15,"对自己说,三月快乐,三月要快乐,"
244,0:00:15,",我欲寻芳觅天京,不爱浮华愿白首,身安舒境心千里,此世唯畅寄东篱,"
245,0:00:15,"真的超级超级超级喜欢夜空中最亮的星啊,可是张杰唱的太矫情我还是喜欢原唱,声音和感觉啦啦啦啦啦啦啦啦啦啦啦啦啦,诶看我是歌手看到现在我还是喜欢曹格品冠,哈哈还有啦"
246,0:00:15,",恭祝你福寿与天齐,恭祝你年年有今日,岁岁有今朝,生快思密达,"
247,0:00:15,"每天晚上有你的一句,晚安,就会睡得很踏实,这是什么感觉,"
248,0:00:16,",麻烦大家投一下票,万分感谢,"
249,0:00:27,",月,月,"
250,0:00:27,"我们不能和任何人类比,当为情死,不为情怨,这两者我们都不沾边,哪怕明朝分离,不得相见,也与携手一生并无差别,感情怎么可能成为人生的全部,我志不在此,你责无旁贷,真好,这就是我心目中两个义薄云天的男人该有的爱情模式,"
251,0:00:29,"屌丝眼中的各种大学专业,你的专业躺枪了吗,转,"
252,0:00:29,"昨晚和男神一起在马路牙子上看星星看月亮,我含情脉脉的对男神说,龙儿,你想我不,他名字中有个龙字,我以为他会叫我,过儿,什么的,谁知道他也温柔的看着我说,雕儿,别闹了,"
253,0:00:29,"总有那么多人等着你面对,躲都躲不去"
254,0:00:29,"上午在研究室里讨论,对吸烟的女人印象如何,有的说更有女人味,喜欢极了,有的说象征着不自爱,瞧不起,也有的说对下一代有害,不敢娶,最后教授进来了,大伙忙问他怎么看,老人家沉吟良久,答道,我想变成那支香烟,讨论到此结束,"
255,0:00:30,"最近我办了一件意想不到的事哦,我这么厉害,大海你知道么,哈哈"
256,0:00:30,"在本届上海车展上,除带来旗下在售产品之外,还将带来,概念车和,概念车,喜欢吗,"
257,0:00:30,"其实叻,真系唔知点话滴尿布狗葛,"
258,0:00:30,"一日,唐僧遇险,孙悟空扒了几根毫毛变了,个唐僧,小妖抓住唐僧交给大王,大王问,怎么有,个唐僧,小妖回,大楷是一个疗程吧,"
259,0:00:30,"我喜欢幂幂,小四,喜欢的睡不着觉,"
260,0:00:31,"人的感情之所以像星辰一样美丽,正是因为生命的天空充满了悲剧的黑暗,"
261,0:00:31,"各种夹子的妙用大集合,以前怎么没有想到呢太帅了,太有才了,有需要的童鞋速速学起吧,微信关注,免费获得,女生如何增高,教程,"
262,0:00:31,"中国好同桌,快快好起来,"
263,0:00:31,"三餐还是要按时吃,或者两餐,不然胃真的不舒服,没法和高中比,"
264,0:00:31,"你笑的甜蜜蜜,我躲在春风里"
265,0:00:31,"新事物总会取代旧时光,"
266,0:00:31,"亲爱的小崔崔,森日快洛,"
267,0:00:31,"瞬间拥有大长腿,"
268,0:00:31,"春天怎么还没来,"
269,0:00:31,"听完训教,"
270,0:00:31,"今晚瞬間刷出巨多實習廣告,"
271,0:00:31,"王太太上次买东西写错地址改了又改,这次一口气都寄到王先生家里去了,"
272,0:00:31,"终于把,来自星星的你,追完了,好久没这么追剧了,好好看啊,嘎嘎"
273,0:00:31,"他会比我理智,比我爱我,比我懂我,他不会对我说甜言蜜语,可他会有责备的语气,他不会说海誓山盟,可他会把心给我,那种我能看到的真实的心,他不会解释,他做的每件事都不需要解释,他会软弱,只在我面前软弱,软弱到让我心疼,他会抱怨我爱多想,这个人便是我爱人,是你吗"
274,0:00:31,"有人要买的鞋吗,有的话找我"
275,0:00:31,",建国你不肉麻会死吗,"
276,0:00:31,"城里的人们渴望回归自然,其实何尝不是想自己出生在城市的孩子可以饱览自然的美景,得到自然的熏陶,所以让孩子在自然的怀抱下尽情玩耍吧,"
277,0:00:31,"他会时不时的喊她一声宝贝,时不时的拥一下她,他唯独对她暧昧不明,她曾问过他是否喜欢他,他却笑而不语,她沮丧,终是离开了他,很久以后,她才知道她丢失了一份幸福,"
278,0:00:31,"多谢葛蛋糕和陪伴,今年不是自己过,但愿愿望成真,心想事成,身体健康,"
279,0:00:31,"有些人会一直刻在记忆里的,即使忘记了他的声音,忘记了他的笑容,忘记了他的脸,但是每当想起,他时的那种感受,是永远都不会改变的,"
280,0:00:31,",没有人为你的失败负责,只有人为你的成功喝彩,"
281,0:00:31,",啦,又老了,"
282,0:00:31,"围观什么是层次感穿搭,就是这样内外兼修的平和淡定,内搭连衣裙的美露出来一点就能让人明白窈窕是怎么样的意思,而外搭的毛呢外套一定要足够养眼,金丝线成就的光泽散落在其中,小香风的气质不言而喻,"
283,0:00:31,"能开口说出的委屈,便不是委屈,能离开的人,便不算是爱人,"
284,0:00:31,"留住最真的,"
285,0:00:31,",好想被抽中,"
286,0:00:31,"发表了博文,分享,第二次主题,回顾评估风险与成效,分享,第二次主题,回顾评估风险与成效,主题,量价时空多空临界点模型,第三次更新,外汇,白银,外汇,"
287,0:00:31,"生日快乐啊,捞佬涛,大个嗲,生性点,"
288,0:00:31,"三八女人节福利来咯,即日起购物满,就送价值,元小礼品,满,就送价值,元礼品,随即送出,先买先得数量有限,美女们赶快行动吧,送自己送妈妈送朋友,送老婆送女友,总有你需要的,微信,"
289,0:00:31,",年运气最好的星座,第一名,巨蟹座,第二名,巨蟹座,第三名,巨蟹座,第四名,巨蟹座,第五名,巨蟹座,"
290,0:00:31,"牙痛得要死,两天了,真的最痛的一次,都入骨了,真的都痛到哭了,停止吧"
291,0:00:31,",姐弟恋,的爱情好处多,分享自,无觅阅读,"
292,0:00:32,"今天真的是特别特别幸福的一天,认识的不认识的,熟悉的不熟悉,我把每一句祝福就记住了,谢谢你们,真是感动的不得了,我爱你们,"
293,0:00:32,"每次和你对话内心都有一种恐慌,因为你慢慢的已经不那么重要,我也不再那么在乎,我想我大概就是需要一个影子,放在心里,让我喜欢,相见不如怀念,大概就是这样了,也许怀念的必要也没有,"
294,0:00:32,"敏感到暴,"
295,0:00:32,"偶尔卖个萌,大家不建议吧,"
296,0:00:32,"我很欣赏你,所以我赐予你波西米亚小王国的最高荣誉,舔我的鞋,不要怕啦,这是冰棍模子啦,"
297,0:00:32,"你好三月,晚安,"
298,0:00:32,"事多了就想得多,睡不着很痛苦,"
299,0:00:32,"我是歌手第二季,我是歌手第二季,谁才是最后的冠军,邓紫棋心中永远的冠军,详情,"
300,0:00:32,"有些事情,和你的愿望相左,和你的兴趣无关,和你的特长有悖,但还得去做,这就是现实,有些状况,在无法改变时,不妨先适应它,不断地积累经验和力量,久之属于你的机遇,会在不经意中翩然而至,人生并是一路坦途,跌倒了,你可以哭,但必须要站起来,眼泪能博得同情,也让你更加脆弱,"
301,0:00:32,"夜空中最亮的星,我杰哥是实至名归的第一,"
302,0:00:32,"远离五种早餐,保持苗条身材,许多漂亮,不吃早餐或早餐吃得少会有助减肥,其实这种观念是错误的,不吃早餐或吃得不当只会让你发胖,认清这些错误吃法,就能够避免成为腹婆了喔,告诉你哪,种早餐一吃就胖,烧饼油条,西式早餐,零食早餐,水果,蔬果汁,方便面,"
303,0:00:32,"人,所谓热情流露,最终亦为一抱,不担心变数,不必计数,没有呼吸的你最易抱"
304,0:00:32,",买家秀实拍,实拍买家秀一组,不一样的,有想法的男士们走起,咳咳,当然了,媳妇儿们,女朋友们,也注意啦,"
305,0:00:32,"感情骗术高强的星座男,第一名,双鱼座,双鱼男骗术高明在於他绝对不像个骗徒,但是在状况外的时候他会帮对方洗脑,第二名,巨蟹座,他只是要一段,并不是要天长地久,他的温柔会让女生自欺欺人的掉下感情的深渊,第三名,水瓶座,要把进度掌控在自己手中,他做很多事情都是有计划的,"
306,0:00:32,"朱家尖,位于舟山群岛东南部,地处东海之滨,这里金沙绵亘,碧波荡漾,奇石峻拔,林木葱郁,有着一类的海水水质,一级的大气标准,是真正的,"
307,0:00:32,"茅于轼谈国企改革,国企应将全部利润上缴,月,日,著名经济学家茅于轼指出,国企属于政府的附属单位,所有权没有体现出来,老百姓无法参与到国企的管理中,导致国企,不成功,他直言,国企在破坏市场,和政府联合起来,价格高,服务也不好,国企应将利润的,上缴,"
308,0:00:32,"驾团网报名学车,再见二月,一转眼,月就要结束了,你有何感想,一起来和,月说再见吧,月,慢走,"
309,0:00:33,"美白护肤第一果,牛油果,牛油果又称鳄梨,是许多有机护肤品的必选原料,这是因为牛油果中丰富的不饱和脂肪酸,维生素,矿物质,钾,钙,铁,镁等,和植物纤维素,这些不饱和脂肪酸能让皮肤变得更润泽,更有弹性,还能促进女性荷尔蒙分泌,让你的美丽美白肌肤从内而外的散发出来,"
310,0:00:33,"好困,就是感觉肚子饿睡不着怎么办了,看来今晚只好数绵羊,"
311,0:00:33,"职场跳槽决不是解决问题的办法,而且频繁跳槽的后果是让人觉得没有忠诚度可言,而且不能安心工作,很多人跳槽是因为这样或者那样的不开心,如果这种不开心,在现在这个公司不能解决,那么在下一个公司多半也解决不掉,"
312,0:00:33,"打卡,名字实在太有槽点了,一路对着美女教练的身材流口水,号称中度太坑了,明明是高度超高度,那么多垫上老子又要头痛了,拜天试试这个美女,的微博"
313,0:00:33,"注意多补水好好保护嗓子,虽然现在的部分的城市还都处于潮湿的夏季,但是既然已经立秋证明干燥的秋天就要到了,在这样干燥的季节一定要积极的补水,多喝温热水,多吃些滋阴润喉的食物,比如百合,银耳,黑木耳,梨等,另外要少吃辛辣这些刺激性强的食物,"
314,0:00:33,"想要那种真的可以伴我到老的人,不论爱人还是朋友,来自,"
315,0:00:33,"好久没玩过呢的游戏,"
316,0:00:33,"媒体报道窗口在中国很复杂,报道机会稍纵即逝,一是媒体竞争产生的第一报道时间限制,二是网民参与的群体性爆料对媒体报道的速度调试,三是谣言来势凶猛,谣言关注期内未报道,则辟谣无传播力,四是媒体管理部门的微观调控硬屏障,五是报道对象的公关软着陆,六是舆论热点的自然潮涌导致新闻价值丧失,"
317,0:00:33,",双眸的,广播剧版声优发表,紧接着,反逆的鲁鲁修,亡国的阿基德,之后,系列的新企划,双眸的,双貌,现在宣布,化,将作为,号的附录发售,"
318,0:00:33,"想爱我就不要放开我,就不要隐瞒我,爱唱,制作,"
319,0:00:33,"唇纹深,原因,遗传或是天生体质较干燥及缺水,方法,先天遗传造成的唇纹深,很难改善,不妨用彩妆来改善,因缺水而唇纹深的女孩,一定要多喝水以赶走干燥,且要多吃水分丰富的水果,"
320,0:00:33,"赵小样,能靠谱点吗,"
321,0:00:33,"今天看了星星,结局蛮好,在所有你看得到或看不到的地方我都在爱着你,在所有你懂得或不懂得的时刻我都在保护你,学会珍惜眼前,因为不知何时会消失,幸福,就是在一起,最好的那一个,不是来自星星的你,而是来自身边的你,所谓一辈子,就是死心塌地的陪着你,"
322,0:00:33,"日常生活中锻炼更易减肥,据英国,每日邮报,报道,在合理使用,保护关节的前提下,一些短时间的小锻炼,如爬楼梯,提前两站下车或走路上班,可以起到瘦身效果,"
323,0:00:33,"到了幽默的最高境界,往往是是幽默大师自己不笑,却把你逗得前仰后合,然而在生活中我们都不是幽默大师,很难做到这,一点,你就不要板着面孔和人家开玩笑,免得引起不必要的误会,"
324,0:00:33,"他刚出狱,听说母亲病重就急着往家赶,下车已是深夜,老屋在林子深处,因为幽暗,他竞迷了路,总是转不出林子,这时不远处有一星灯火,有如煤油灯光,他跟着那灯光走,光总与他保持距离,终于他到家了隐约中那提灯人向老家墓地方向去了,一进门,他哥告诉他母亲刚去了,他领悟到什么而大哭不止,"
325,0:00:33,"真在激情的岁月里挣扎,"
326,0:00:33,"细数那些冻结时间里,说过的我爱你,评论,来自星星的你,"
327,0:00:33,"保姆萌猫教小北鼻学走路,炒鸡萌,猫咪不仅仅会撒娇,还可以照顾小朋友哦,看猫保姆耐心地推着木头小车做演示,小宝宝跌跌撞撞地跟着学,两只都乖得惹人疼,"
328,0:00:33,"女人一定要吃的十种补血圣品,黑芝麻,红枣,猪肝,藕,胡萝卜,桂圆肉,黑豆,黑木耳,乌鸡,红糖,"
329,0:00:34,"大面积的黑色单品看上去利落不少,用红色围巾提亮,不仅让气色更好还会把视觉重心集中到上半身,腿部自然得到修饰,"
330,0:00:34,"因为星你,最近都不能正常睡眠了,今天肯定要失眠了,"
331,0:00:34,"累,洗,"
332,0:00:34,"老妈子月度巨作,反砂五甜五粉噶八乡番薯,吃的是淡淡的乡情啊,"
333,0:00:34,我现在的心情就像你被小黑扒马甲时候的心情一样你懂吗
334,0:00:34,"在一生中,我们花了许多力气来让别人喜欢我们,而事实上,如果不自爱,别人亦不会爱你,时间,是距离也是宽恕,让一些东西更清晰,让一些感情更明白,让一切都趋于平静,"
335,0:00:34,"准备封信的时候发现没有胶水双面胶,"
336,0:00:34,"第,期,廣東,風雲榜單,出嫁,麦子傑,朱樺,跟着我走,梁屾,墨爾本的翡翠,粤,林頤,張敬軒,小伙伴們都惊呆了,王麟,求你講清楚,粤,陳潔麗,馬上好運來,何龍雨,辜櫻櫻,一個人的北京,海鳴威,面的第三首歌,麦子傑,我再也不要對你那麽好,翁航融,滕子琪,我知道,賴偉鋒,"
337,0:00:34,"睡吧,瞌睡的,"
338,0:00:34,"掐着点等的我都快困死了还好明天不上课生日快乐成人礼棒加油上大学一起奋斗,牛艺璇"
339,0:00:34,",星男易把前女友当炮友,第一名,射手座,既然有前任的出现怎么会去在乎什么,第二名,水瓶座,前女友既然有挽回的想法,肯定也会动摇,第三名,白羊座,感觉来了哪能控制自己的欲望,第四名,狮子座,前女友的出现就使得他们感觉重获尊严感,第五名,天蝎座,前女友的出现更是满足了他的虚荣心,"
340,0:00:34,"阳春三月,温暖明媚,慵懒的自己应该苏醒了,补铁锌钙,补维生素,补缺心眼,该补的东西都补起来吧,"
341,0:00:34,"今天坐的公交挤的噢,还好我拼命的朝里走后面免受挤压之苦,司机今天吃了火药了估计,和乘客拌嘴,后门不开,不让上下客,一路飞驰啊,颠我了"
342,0:00:34,"濕答答的週末完全讓我無法保持愉悅,三月,但願天氣越來越好,晚安,"
343,0:00:34,"不给他留有太多的物质遗产,给他一个健康的身体,给他一个健康的心理,一个快乐的人生,"
344,0:00:34,"转,看新闻,学生改编,开学去哪儿,献歌教师,观看视频,来自,腾讯新闻客户端"
345,0:00:35,"原宿官方店举办贞本义行画展,年,月号上,贞本义行连载了大约,年的漫画版,新世纪福音战士,终于画上了句号,为了纪念漫画版的完结,东京原宿的,将举办一场贞本义行的复制原画展,画展时间为,月,日至,月,日,为期两个月,"
346,0:00:35,"酸甜柠香萝卜,将萝卜洗净切小段放入切片器,转动切片器将萝卜切成连条片状,将黄瓜也切成片,将食盐,柠檬汁,白糖,香油拌匀至调料完全融化,倒入切好的萝卜中腌制入味,入盘稍加装饰即可,"
347,0:00:35,"酒酿猪蹄,做法,猪蹄一只,买的时候请师傅剁碎即可,姜蒜洗净拍碎,酒酿一盒,猪蹄焯水后洗净血沫,放入高压锅内,加入一整罐酒酿,依个人口味加入加入生抽,老抽和盐,加水至没过猪蹄,高压锅上汽后中火压,分钟,关火冷却后捞出即可,"
348,0:00:35,"跑了步,洗了澡,喝了酒,点香薰,为何我木有半点睡意,"
349,0:00:35,"手机壁纸,生活告诉你,你应该长大了,梦想告诉你,你应该有一颗童心,"
350,0:00:50,"搭载了一来自于奥迪,的,升,引擎,底盘采用,铬钼合金钢管状式车架结构,车身采用了三分之一的碳纤维材料,剩下三分之二则为合成材料,推重比,百公里加速时间则为,秒,最大功率,英里每小时,"
351,0:00:51,"你知道我喜欢躲起来悄悄看着你吗,不知道跟你说什么,只是你需要帮助的时候,我要出现在你身边而已,想念的心装满的都是你,"
352,0:00:52,"早安,全世界,我爱的人,"
353,0:00:52,"今天是,月,日星期六,新的,月,从今天开始,让自己的心情调整起来,也祝姐姐,在新的,月里每天都开心和幸福,"
354,0:00:52,"在南北朝时已有一位女性对,男女不平等,提出质疑,山阴公主质问皇帝,为什么你拥有嫔妃万人,而我却只有一个丈夫,世界上竟有如此不平等的事情,刘子业听了这番话后,竟破天荒地颔首称是,立马精选了,位英俊少年送给了她,即使在频出咄咄怪事的南北朝,这姐弟俩也算是让人匪夷所思的一对怪胎,"
355,0:00:52,"胖纸谨记,嘴上享受一时,身上肥肉一世,转,"
356,0:00:52,"快把肺都给咳出来了,哎,我就是八十分贝的噪声源,"
357,0:00:52,",感受于心无以言表的美好,感谢这般疼爱,继续好好的吧,小样儿,不到看的到吧,你一定看得到,"
358,0:00:52,"外交短故事,年前,邓小平第一次访美,收获了卡特总统回忆中,美国人民自发而热烈的感情,这是如何做到的,邓小平在休斯顿观看马术表演时,一顶大牛仔帽功不可没,凤凰卫视欧洲台三分钟节目,大外交新思维,听完整的故事,对于东西方领导人传统公众形象的差异,你怎么看,"
359,0:00:53,"可能是我太喜欢原版了,我也没办法啊,"
360,0:00:53,论如何处理在厕所对着镜子自拍的照片
361,0:00:53,"自暴自弃了,"
362,0:00:53,"肚子疼的连笑都苍白,"
363,0:00:53,"晚安,一切过往"
364,0:00:53,"其实我真的很不喜欢用一句话转各种微博的人,这还不如转发微博看的顺眼呢,"
365,0:00:53,"凡仙,极致唯美梦幻版仙侠,掀起全民,凡仙,风,凡仙,手机网游的奇迹,版题材的神迹,至尊级完美画质,凡仙,第一,没有之一,最受女性玩家青睐手游,占比超半数,凡仙,第一,没有之一,覆盖人群最广版题材,全民,凡仙,凡仙,第一,没有之一,"
366,0:00:53,"最好用的新一代充电打火机,防风,环保,好用,插上口就能充电,轻压滑动即可点烟,"
367,0:00:53,"我的简介改为,容易害怕,有点怕黑,"
368,0:00:53,"情侣,月号,"
369,0:00:53,現在很想帶把傘出去買張止血貼
370,0:00:53,"清华南都,和讯财经,全球最值钱五大经济类证书,"
371,0:00:53,"今天一天好像干了好多事,之前在蓬皮杜艺术中心旁边住了一年都没进来过,今天是抽了,看完展我的结论是,这个世界上其实每个人都在做艺术,只是看谁去看,从什么角度看,什么角度去展现,其实后者也是一个,艺术家,"
372,0:00:54,"今天有点累,"
373,0:00:54,"你改变不了环境,但可以改变自己,在这个残酷又现实的社会,弱肉强食,优胜劣汰,是随处可见的事,如果你不努力的去生活,不努力的去奋斗一切,随时都会被这社会淘汰,"
374,0:00:54,"明天把送去刷机罢,真的好久好久没玩"
375,0:00:54,"家是永远让你牵挂的港湾,"
376,0:00:54,",生日快乐,以后脾气好好噢,感情久久,"
377,0:00:54,"这算是在示爱么,再也不要因为好听的三言两语而开始一场恋爱,到头来伤的一定是自己,"
378,0:00:54,"二月再见,三月你好"
379,0:00:54,"明天我生日一年就一次可我不准备过了,给点祝福好吗,最近受太多伤,心疼,"
380,0:00:54,"医院是一个使人终于把命看得比钱更重的地方,"
381,0:00:54,"麻麻说看到周琪琪回家她就想我了,其实我也很想我麻麻,"
382,0:00:54,这夜静的连心跳都听的一清二楚
383,0:00:54,"没有一个喜欢的人,就算是单恋或者暗恋都没有,觉得心里空荡荡的,不知道从什么时候开始,好像越来越难喜欢上一个人,"
384,0:00:54,"既然无处可逃,不如喜悦,既然没有净土,不如静心,既然没有如愿,不如释然,丰子恺"
385,0:00:54,"宝贝儿,这就,岁生日啦,我没有忘记这个重要日子哦,生日快乐,我要当第一个祝福你的人,要开心快乐,我爱你哟,僵尸要吃小怪兽"
386,0:00:54,"我们是理科班,一次上历史课,老师问,中国每年召开的最重大的会议是什么,理科生一般不喜欢历史课,所以这个问题很多人都不知,等了一会终于有人举手,答,春节联欢晚会,于是乎,响起雷鸣般掌声,老师说,身为理科班的历史老师已经够痛苦了,你无非是在我伤口上撒盐吧,自习吧,"
387,0:00:54,"雨一直下,此刻的心情,"
388,0:00:54,"黛美人,"
389,0:01:02,"巧你妹啊,蒙谁呢,人人网,赵蛤蛤,"
390,0:01:04,"播放器出现故障,流量就这样像叫兽一样消失啦,"
391,0:01:04,"零点零零,"
392,0:01:04,"人类到底把同类看成什么了,或许在有些人心中,同类与自家的宠物是不可相提并论吧,我们人类社会发展到如此地步,真是可悲,"
393,0:01:04,"再见都敏俊,总是觉得教授来地球时应满世界炸鸡啤酒奉上,详情,"
394,0:01:04,"反正我到家了,"
395,0:01:05,"每個週五晚上都開心的睡不著,每個週日晚上都憂鬱的睡不著,一周就有兩晚失眠,這種病該怎麼治,"
396,0:01:05,"十八了,嗯,就这样吧,"
397,0:01:05,"混在尼泊尔,号初到奇特旺,下塌野生营地酒店鲜花盛开舒服极了,这是那纳雅尼小镇街拍景,小木屋中餐馆是四川仁寿老乡,又有吃的了,"
398,0:01:05,"嘿,生日快乐,吴梓彬"
399,0:01:05,"我不敢想象,你会离开我,这件事,如果我表现的很坚强,说明我已经奔溃了,"
400,0:01:05,"澳洲代购,下周回澳,代购除了母婴,保健,来点护肤彩妆怎么样,经常有折扣或者送超多礼包,还有手表,包包也经常有折扣,详询加微信,"
401,0:01:05,有点冷唉
402,0:01:05,"爱你怎么难了,今夜的你应该明了"
403,0:01:05,可能我比较蠢所以我想不通
404,0:01:06,"自信的好喜欢,特立独行的好喜欢,"
405,0:01:06,"这是陪你过的第二个生日,一直都没说谢谢你,包容着我让我耍小脾气,当初的相遇让我们会知晓彼此拥有彼此,我希望永远站在你右边的人是我,让我对着你闹,生日快乐,陈蓉是我老婆"
406,0:01:06,"不要让未来的你讨厌现在的自己,"
407,0:01:06,"梳理一下自己,还是小太阳,"
408,0:01:06,",月,号,春天来咯"
409,0:01:06,"往往的每一个今日我都不开心,"
410,0:01:06,",天,我想不通的是你为什么会那么讨厌我,是该决定了,我应该努力了,做个最优秀的自己,然后就这么慢慢的,慢慢的等,"
411,0:01:06,"在努力摒弃,空间,微信等这些东西,"
412,0:01:06,"随着年龄的增长,我们并不变得更好也不变得更坏,而是变得更像我们自己,"
413,0:01:06,"遇到你,我也有软硬皆吃的时候了,吃软不吃硬或吃硬不吃软,我整个人都不好了"
414,0:01:06,"纯洁版的流子看起来这么叼,没两集肯定不能清醒过来,鲜血版的皋月跟流子抗一段时间后被打趴,流子哈哈哈地嘲笑鲜血和皋月不能人衣一体,意外地皋月越战越强,"
415,0:01:06,"尊重你才称你为老师,"
416,0:01:06,"有些我们觉得它不存在的东西很多年以后我们发现,它是存在的,有些我们觉得它一直存在的东西很多年以后我们发现,它根本就不存在,时间,"
417,0:01:06,"何时才能知你心,晚安明天开学"
418,0:01:06,"高清,羽生结弦,索契冬奥,巴黎步行街,"
419,0:01:06,"世界杯结束辞职,希腊足协宣布主帅今夏离任,"
420,0:01:06,"带回海参之前我妈一直叨叨,我不喜欢猫,干嘛买猫啊,带回家之后,海参一不在眼皮子底下就问我,你家狗呢,我跟我妈说妈你不喜欢猫别老逗我儿子,谁让他长得太好看了,一个中年妇女这样说,这个残酷的,看脸的世界,先叫你海参好了谁让长得像,"
421,0:01:06,"乱世之刃,看我犀利的操作轻打败漂亮妞,这武器震动的频率,你怕了吗,"
422,0:01:06,"健康刚刚回来,又开始迎接一大堆做不完的工作了,让支付宝里票票亮瞎我的双眼吧,"
423,0:01:07,"当番茄变成了番茄酱当土豆变成了薯条才能在一起,所以没有哪两个人天生适合,只有当我们友好的时候我才能理性理解,爱你,晚安老公,"
424,0:01:07,",儿子,生日快乐,"
425,0:01:07,"我家的定安妹,"
426,0:01:07,"发表了一篇转载博文,为何说,新华字典,切断了中华文化之根,作者老愚,"
427,0:01:07,"好饿,好烦,很多事情都想不通,明明自己什么也没有做错"
428,0:01:07,"终于改了,改了,能保证睡眠了,晚安,"
429,0:01:07,",年,月,日零点到了,亲,各位早上好,彭老大,"
430,0:01:07,"连续个梦里不知身是客的周末了,"
431,0:01:07,"大半夜看,主君的太阳,我真是个越来越勇敢的小白羊呀,话说这部电视剧真的好看的很呢,"
432,0:01:07,"跪求魏教授听取网友们的建议,让素质差的人滚出中国战队,他不配,李勇滚出最强大脑,"
433,0:01:07,",月最后一天,吃饭唱聚餐,想我的决定应该是正确嗒,晚安,"
434,0:01:07,雨天心情有点糟糕
435,0:01:07,"小时候的记忆,"
436,0:01:07,"不要期待,不要假想,不要强求,顺其自然,如果注定,便一定会发生,转,微信关注,获得更多萌宠图片,"
437,0:01:07,"生日快乐亲爱的同桌,我是第一个,伊曼"
438,0:01:07,"火星月大家红红火火吖,火星原住民给地球人拜年了,"
439,0:01:07,"遙,君,突然想起这首,每次听都亢奋地要飞起来,"
440,0:01:07,",亲爱的驴驴妹,生日快乐,祝我家驴,周岁快乐,终于成年了,我们也玩了很久了,即使很久没见我们感情也不会变,马上要高考了,加油哦亲爱的,"
441,0:01:08,"快乐的迎接一个忙碌的周末吧,"
442,0:01:08,新
443,0:01:08,",有些事,想多了头疼,想通了心疼,"
444,0:01:08,"祝我亲爱的男朋友生日快乐,永远爱你么么,熬到十二点整不容易啊,把我娇羞的男神送给你不客气,青龙山院长"
445,0:01:08,",好想看,明天记得爱上我,"
446,0:01:08,"别觉得不可收买,你的自尊值得多少啊,那你为的是什么啊,讲究不,"
447,0:01:08,"一周一张,快乐健康,"
448,0:01:08,",愿一切美好,"
449,0:01:08,"我的,月上海轨道交通乘坐里程数为,公里,截至目前今年的里程数已经达到,公里"
450,0:01:08,"这搞投资的,公司老板就不拿你当人,说是,小时制,说是,点半上班,其实就是,点准时在公司,那前半小时就是开早会,喊口号的,晚上说是,点下班,其实,点半的时候什么非农行情的,你都的等到,点后才离开"
451,0:01:08,",守零点和你说生日快乐生日快乐么么哒礼物已寄出"
452,0:01:08,"祝福我亲爱的竞美女,岁生日快乐,越来越美丽,快快找到好幸福,么么哒,"
453,0:01:08,"北风和太阳真是,就算再感动但一天北风一天太阳还是,不能冲动行事啊"
454,0:01:08,"现在整天好愁啊,做什么都没心情,哎,"
455,0:01:08,"青奥会成,南京房价分水岭,南京林业大学社会学系孟祥远教授认为,青奥会前南京楼市房价将会达到一个峰值,随后将会回落,新华日报,主任记者汪晓霞认为,青奥会的利好早就被南京房价透支,所以,会达到峰值,这样的说法并不成立,南京房价已经达到了高点,继续创造峰值的可能性不大,"
456,0:01:08,"有些事情像身体的一个开关,突然想通了,要么世界亮了,要么世界暗了,晚安,"
457,0:01:08,"再见啦,宁静的昨天,是时候起航了"
458,0:01:08,"其实很想说些什么,但说不出口啦,连写也写不出来,"
459,0:01:08,"亲故,今天的你在生命的年轮上又画上了一圈,慢慢的成长为成熟有魅力的小女人了,未来也要一起加油努力,让每一天都过的幸福,生日快乐,爱你,"
460,0:01:09,"官网不能关闭,短信也无法取消,打了几小时人工服务都进不去,月最后一晚就把时间浪费在研究取消数据流量套餐上了"
461,0:01:09,"我愿用此生,换你不离,"
462,0:01:09,"好多人爱你,真心或假意,而我爱你,年老的皱纹,简单的词儿,可太感人了,视频,好歌曲,赵照,当你老了,温暖,分享自,"
463,0:01:09,"祝福我的第一次,再接再励,"
464,0:01:10,",月最后一天,迎接了姐姐的到来,也送了她离开,一天时间,心都碎了好吗,不曾体会温暖不会感到冷,木有经过陪伴怎会了解孤单啊我去"
465,0:01:10,"新人双节挤爆婚姻登记处,母亲凌晨替儿排队,月,日是双节,佛山的不少新人都选在这天到婚姻登记处登记结婚,据佛山市禅城区和南海区婚姻登记处负责人介绍,两地,日到场登记的新人数量达到近,对,创下了自,年,月,日以来的最高峰,拥挤程度甚至超过谐音为,爱你一生一世,的,年,月,日,"
466,0:01:10,"手机里有个好伙伴,快说语音助手,对她说话就能陪我聊天,帮我解难,还会为我查话费,打电话,讲笑话,开程序,讲故事,放音乐,以后再也不用劳烦,了,"
467,0:01:11,"于其他人,摩羯从不贪心,很容易满足,儿时的一颗糖果,难过时的一个拥抱,别人对她的好,她会记好久,但是如果你觉得她不好哄,自以为对她很好了,却都看不出她的高兴,那么,劝你还是放弃吧,心里没你,你做什么,她都不在乎,"
468,0:01:11,"吸烟对胎儿六大危害,研究表明,男性每天吸烟,支以上者,畸形精子比例超过,且吸烟时间愈长,畸形精子愈多,损害胎儿,易造成胎儿早产,香烟中的氰化物可能会造成孩子出生后智力低下,影响胎儿生长发育,增加胎儿患癌危险性,"
469,0:01:12,"林志颖代言快易典,提高成绩,提高成绩,考试,详情,"
470,0:01:13,"厦门市艾滋病自愿咨询免费热线,"
471,0:01:13,"活跃你的思维,舍弃那只有一张古板的写字台的工作室吧,圆弧形窗台被巧妙的打造成书桌,沿着窗台整间房间的每一个角落都是你工作灵感的来源,在窗外美景的伴随下工作也变得异常的轻松,"
472,0:01:13,"卡鸡马,叫兽表走啊,"
473,0:01:13,"韩国,三只眼蜡笔,口红笔,看过韩剧的亲们一定知道,这款主打尹恩惠色系的,好上色又滋润,不容易掉色哟,"
474,0:01:13,"一汽大众第七代高尔夫,高尔夫,在广州举办了全国的上市发布会,新车的官方指导售价为,万元,并推出了搭载全新,系列的,和,这两款发动机的共计,款车型,其中,还分为高低两种功率的版本,"
475,0:01:13,"审计署,重庆市黔江区扶贫办违规使用扶贫资金,万元,月,日,审计署发布,审计署移送至,年底已办结,起违法违纪案件和事项处理情况,公告,公告显示,重庆市黔江区扶贫开发办公室违规使用扶贫资金,万元,"
476,0:01:13,"王哲林爆发砍,天津两失绝杀负福建,连胜终结,北京时间,月,日,第,轮比赛展开激战,福建坐镇主场,战胜天津,终止了天津,连胜步伐,此役,福建,人得分上双,王哲林,分,板,"
477,0:01:14,"白羊座惯用的伪善招数,别看白羊座平时天真活泼毫无心机的样子哦,扮起苦情来丝毫不含糊,总是能够搬出自己成长过程中所有的挫折和心酸,一把鼻涕一把眼泪的说给你听,让你想不心疼都不行,所以在看见白羊说起自己的辛酸血泪史的时候,亲爱的们,要格外小心啦,"
478,0:01:14,",谢谢你回来了,真的很想你,"
479,0:01:14,"客厅装饰精致且丰富,对开的玻璃门也绘上鲜艳红色,鲜艳的斑斓色彩营造客厅的活跃与热情,"
480,0:01:14,"恭喜我,"
481,0:01:14,"典型的城堡式城市别墅,有着欧式的乡村范儿,又及其充满童话色彩,灰白色的墙壁打造出别样的风格,在城市建筑中独树一帜,"
482,0:01:14,"日媒真是专注抹黑天朝五十年,不过天朝也一样就是"
483,0:01:14,"随时担心侧漏,"
484,0:01:14,"妈蛋我就是自己作死,"
485,0:01:14,"想去海边吹风,"
486,0:01:14,"此时的生活平淡的就像是一潭死水,似乎连自己将流向何方都无从而知,是因为缺少了那一个远方的梦,才让我此刻觉得心里空空的吗,"
487,0:01:14,"香芋烧鸡,将香芋去皮切块,鸡肉洗净切块,用沸水焯去血水,捞出备用,锅内放入底油,油热,放入葱姜爆锅,出葱姜香味后,放入鸡肉翻炒,倒入老抽,酱油,水,放入料酒,陈醋,糖,五香粉,盐,炖一会,放入香芋块,小火炖至鸡肉成熟,香芋软糯,加入味精收汁,"
488,0:01:14,"这棵树的发型不错啊,"
489,0:01:14,"人最怕,激情后的陌生,暧昧后的冷漠,认真后的痛苦,信任后的利用,温柔后的冷淡,所以说有些事情不要太计较,睁一只眼闭一只眼,就会过去的,遇到爱你的人,学会感恩,遇到你爱的人,学会付出,有个懂你的人,是最大的幸福,"
490,0:01:14,"周末又只能在床上躺两天了,"
491,0:01:14,"开看星你,找男人就要找邻居的外星人,不停走错房幽会多方便"
492,0:01:14,"公司在动荡和变革中,更要学会平衡自己,该有的休闲娱乐还得腾出时间来参与,只有这样才能找到生命的平衡点,全盘皆乱的话,生活的信心都会因此葬送,多感受一些动手的快乐,"
493,0:01:14,"据说,月最后一天要找父母要,元的红包,你们有拿吗,"
494,0:01:14,"发表了博文,熬夜,也许以后,潜心地深入夜,到能解剖的深度,平淡的一刻,静心之时,必然想活计,那平常的日子,做些付代价的事,一个平常的人,用健康换生活,用勤奋换事业,划算的一生,实在,"
495,0:01:14,"你知道我有多爱你吗,晚安,"
496,0:01:14,"作为一只合格的狗怎能说在回校长途车的路上就不用更新游戏了,什么,移动发来了流量用完的短信,我只想说新的这张花阳好棒,"
497,0:01:14,"不想让,月过去,不想,月不想生日,想一直,岁,我的青春,"
498,0:01:14,"一场路过,一次离别,一段经历,"
499,0:01:14,"分享,清水翔太,的歌曲,君,暮,街,唔,以前有段时间天天听他的专辑睡觉,分享自,虾米音乐,"
500,0:01:14,",现在的我们就是最美好的时候"
501,0:01:15,"长路漫漫,等待我签工作的那天,"
502,0:01:15,"官调和民声怎就差距这么滴大泥,最,"
503,0:01:15,",月,号,是期待还是失意,又是一个值得回味的日子"
504,0:01:15,"生命所绽放的美丽只是瞬间,时间终会湮灭一切,你要坚强的存在,为自己和爱着你的人,致我爱着的人们,"
505,0:01:15,"是啊,圣安东尼奥只是个小城镇,但是那里的星光永不落幕,马刺"
506,0:01:15,"弟弟生日快乐,"
507,0:01:15,"喜欢我的狠狠躲着,我喜欢的远远看着,有一种人,嫉妒到骨子里,有一些人,深爱到血液里,有几个人,思念到灵魂里,"
508,0:01:15,"淘汰了,"
509,0:01:15,"突然某一天我看到一条微博,说摩羯座只需要三个月就能把对方忘记,可是为什么我做不到呢,七个三个月了,我还是会想你,还是会听到某些歌就会流泪,我有一个只有你一人的微信,可我现在从来不敢发任何东西,我怕唯一有关你的也会消失不见,铭铭很爱,我该怎么把你忘记,"
510,0:01:15,"熬夜大队走起,"
511,0:01:15,"又一个你沦陷了,你告诉我说你现在很不好,孩子我是不是该告诉你,最后的最后结局会是怎样,"
512,0:01:15,",我微笑,在任何我难过或者快乐的时候,我只剩下微笑,"
513,0:01:15,"我宁愿把生命浪费在操场上,都不想再浪费在电脑前了,"
514,0:01:15,"现在不靠谱的男人太多了,我哪有功夫跟他们浪费时间啊,有这个时间,还可以自己多看两本书,提高提高脑力造福全人类呢,钱多多嫁人记,"
515,0:01:15,"终于看完星星啦,最后一集居然看哭了,说好的老来得子呢"
516,0:01:16,"鲁迅故里景区,鲁迅故里景区是市区保存最完好,最具文化内涵和水乡古城经典风貌的历史街区,游客在看到原汁原味三味书屋的同时,还能看到鲁迅祖居从未对外开放的西厢房,新近恢复的周家新台门,长庆寺,土谷祠,静修庵,恒济当与鲁迅笔下有关的遗迹,以及寿家台门,朱家花园等一批古宅古迹,"
517,0:01:52,"放假通知,月,日连续放假三天,月,日正常上班,大家抓紧时间,该旅游旅游,该度假度假,请大家互相转告,"
518,0:01:53,",序,的派对结束时已经是午夜了,扛着哥哥的肩,有些艰难地走在路上,哥哥在派对上和聊了几句便躲到了角落独自灌酒,结果现在醉得不省人事,本来想让他们在家里留宿一晚,但为了不,"
519,0:01:54,"括号君,长音厨的肺活量测试,作死,主,括号君,"
520,0:01:54,"翻译还真是个体力活啊,老师我们能不能不走突击路线,"
521,0:01:54,"一般情况下,爱笑的人智商都比较低,你想到了谁,"
522,0:01:55,"只有遇到过错的人以后,才能遇到对的人,"
523,0:01:55,"大长腿要来了,还会远吗,"
524,0:01:55,",有时候希望灵魂能够像一朵烟花,能够明亮温暖地在夜空中停留一刻,再坠落,也许这是一个颓废主义者的人生态度,不相信永远,不拥有期待,也不需要诺言,但无法失去激情和快乐的沉沦,"
525,0:01:55,"沒有為死而活的人,"
526,0:01:55,"现在说以后太早,眼前的事就让我够举棋不定了,有感情,没结果,这些就这么扎在心坎里,怎么动都是痛,想想自己也够悲剧的,被说成那么一文不值了还死乞白赖的,爱他就需要这么窝囊嘛,我没偷着藏着,弄得自己多不自量力,怪不得今天人家说我不自信,自信源于哪,击败内心最重要,一切都心作祟,"
527,0:01:55,"看星星,太虐心,把每一刻当作最后一刻,因为他随时会离开,"
528,0:01:55,"对与错,没有界线,对就是错,错就是对,"
529,0:01:55,"今天一岁了,为了她的生日趴妈咪坚持了放弃了又坚持回来了,虽然一天都很辛苦,但是能让留下她美好的记忆,很开心,这一年和妈咪都不容易都在成长,妈咪希望宝贝永远开心健康,"
530,0:01:55,"新的一天又开始了,三月,"
531,0:01:55,"如果真的要说我的梦想,我只想说好好活下去,因为只有活着才能有能力去追梦,"
532,0:01:55,"西安市著名商标,支持好活动,期待好运降临,支持好活动,期待好运降临,详情,"
533,0:01:55,"你了解我么,你不了解我,凭什么改变我,晚安,"
534,0:01:55,"是自己犯贱,去翻看你的空间,看着看着心情就失落了,我还是放不下你吗,不要,我想远离你,可是却没人知道,所以总能从朋友那里知晓你的近况,知道你玩得很嗨,而我却在固步自封,每听到你名字一次,心就痛一次,是我太小家子气了吧,你否定了我,而我全然接受了,自个儿真贱"
535,0:01:55,"盯着别人的高度,我们不但是失去了自己的高度,同时失去的,那也是我们心灵所站立的地方,"
536,0:01:55,"说好要早睡的,体检最害怕视力检查现在居然多了个抽血,我就幼儿园抽过一次,那个画面超恐怖啊哎一想到明天整个人都不好了,不过到时候可以问下血型麽"
537,0:01:55,"半夜各种吃,唯一不哭的办法就是吃,死劲儿吃,"
538,0:01:55,"我刚刚为,天使妈妈,为孩子传递爱,给她一个快乐的童年,献出了自己的爱心,每份微薄的力量都可点亮被救助者的希望之光,共同伸出援助之手,让微博充满爱,"
539,0:01:55,"朋友说,梦醒了,就该回家了,但我更想,直到世界尽头,畅读版,"
540,0:01:55,"好完美的幸福,每一次的等待,你都会回到我身边,"
541,0:01:55,"明天谁有兴趣去扫街呢,有兴趣的报名,不然又是我一个人,"
542,0:01:55,"好了,晚安吧,亲爱的自己,"
543,0:01:55,"为别人着想,一定就有人想着你,这就是因果,这就是规律,记住这么一句话,昨天,删去,今天,留给回忆,明天,争取,对的,坚持,错的,放弃,你再优秀也会有人对你不屑一顾,你再不堪也会有人把你视若生命,"
544,0:01:55,"今天,不错,睡觉,晚安,"
545,0:01:55,"惟愿往后的日子,我睡眼惺忪,你为我描述朝阳的样子,"
546,0:01:55,"英国新晋人气流行摇滚男团,新单,首播,片中各种耍宝搞怪,正太的脸冲着镜头单眼一眨,春心萌动了起来呢,随着冬天过去,的这首歌曲会带走最后的寒冷,依旧是青春动感的旋律,年轻的疯狂的时候总是在每个夜晚后逐渐熄灭,但,绝对让你补充胶原带白,浩浩音乐,"
547,0:01:56,"最近一直失眠,到了早上才有睡意,不想做工了,一直都好累,又不能睡,怎么可以这样,"
548,0:01:56,"减肥一直进行着,从未放弃过,春天来了,你的肉依然存在么,"
549,0:01:56,"今年有很多好友都将步入婚姻的殿堂,进入人生的另一个阶段,我开心着,同时也羡慕着,"
550,0:01:56,"我怀念七年的齐刘海三年的中分一年的斜刘海这两年到底算什么样子,"
551,0:01:56,"笑着放手让彼此都轻松,不要再犹豫不决,定下心去做一个拿得起放得下的人,致自己,"
552,0:01:56,"拥有的人从不炫耀,因为她不自卑"
553,0:01:56,"本来就不怎么爽,回答时承认语气有点冲,五分钟不到毫无意外的被欧老请了出去聊天,当时只有一个想法,这种看门的太它吗的有骨气了,对她只能甘拜下风,"
554,0:01:56,"很多人选择了留学,我也该好好滴快快滴做出决定了,"
555,0:01:56,"小宜从帝都来杭州微服出巡了,真是超级,"
556,0:01:56,"无论我们能不能走到最后,你都必须陪我幻想我们结婚生孩子的以后,给希望一点希望"
557,0:01:56,"我的宝贝,生日快乐,快乐,永远爱你,"
558,0:01:56,"人总是喜欢做一些违背自己内心的事,"
559,0:01:56,"我是不懂表达但我不是白痴,所有的事情我都看在眼里放在心里,"
560,0:01:56,"郁闷中,"
561,0:01:56,",处女自述,我现在性欲极强,是不很可耻,分享自,凤凰新闻客户端,"
562,0:01:56,"趁我还年轻,只是千百万中的一朵,同是火星人一起追随你的梦想而来"
563,0:01:56,"三月的第一天,第一百天,晚安,"
564,0:01:56,"一场说走就走的旅行和一场简简单单的爱情,哟"
565,0:01:56,"每次下雨,总会有事情让心情很低落,你的眼泪就是我的痛"
566,0:01:56,"我忘了今天要,点起床的,"
567,0:01:56,"三月,希望可以过的好一点儿,"
568,0:01:56,世上需要太多的解释
569,0:01:56,"我想说我睡不着,难受,"
570,0:01:57,"今天大姨妈第一天,本来应该裹在被子里疼的死去活来,结果我被雨淋成狗还各种乱跳各种乱吼,我都从来没这么拼命地吼过歌,感觉超级好"
571,0:01:57,"真的不知道该怎么办才好,"
572,0:01:57,"这次来广州已经第三天了,这客户,这效率,一声叹息呀,金城购物广场,"
573,0:01:57,"杭州湉晨再合唱,自从看了烦,就再也没听到湉晨合唱了,最后一站,一定要完爆,"
574,0:01:57,"既然不能第一刻祝你生日快乐,那就最后一刻吧,吳惠瑾,"
575,0:01:57,",号,真开心,又有流量了,"
576,0:01:57,"还是睡不着啊,明天不打算上班了吗,"
577,0:01:57,"你找到新愛戀,至少令我心酸,"
578,0:01:57,格言三
579,0:01:57,"起早贪黑的写项目书写到现在,头昏脑涨,无视我之前的付出,还被批写得完全没有逻辑顺序,心情本来就不怎么美丽的我眼泪不停往下掉,只想说,我真的很累,"
580,0:01:57,真心希望老弟的桃花运不要那么旺
581,0:01:57,"什么事道,稀里糊涂加班一个半点,累的要死,腿都要站疼了,还不算加班,私企大坑人了,"
582,0:01:57,"我为什么要手贱的下载这个,能说这都是在我枕头边扫到的吗,睡觉睡觉"
583,0:01:57,",今日听起宿友在播同桌的你,我突然想起我们的饮歌啊,难得可以同坐,何以要忌讳赤裸,然后就变赤裸了,我分享了,"
584,0:01:57,"我怪难过,肿么办,谁来安慰安慰我呢,"
585,0:01:57,"只听到前奏就爱上了,东方神起,"
586,0:01:57,"扼地乖乖,你们在学校继续加油吧,"
587,0:01:57,"最近很烦,宿舍总有那么几个奇葩,都他妈的自私"
588,0:01:57,"三月,微笑一切,"
589,0:01:57,"我是一个维修工人,珠江路,号租了房子做维修,合同签了两年,交了半年房租,才做了两个月,生意刚刚有点起色,老板自己想接手做,逼着我要把我赶走,把我门口广告全部撕毁,维修桌子强行拆掉,房租押金一分不退还,让我无条件搬走,横行霸道我实在没办法,请各位媒体朋友帮帮我,南京法律咨询"
590,0:01:57,"想到要见你就紧张得想去割双眼皮,最好重新投胎一次,崭新得像一张刚取出来的钞票一样,去见你"
591,0:01:57,"如果这都不算爱,我有什么好悲哀,谢谢你的慷慨是我自己活该,我爱的喜欢我的,请你们幸福,慢慢的也许就都好了,都会好的,"
592,0:01:58,"纵有千万不舍,还是结束了,从没这么舍不得一部韩剧大结局,来自星星的你大结局,晚安,"
593,0:01:58,"可以用,天時間愛上一個人,但卻要用,輩子去忘記一個人"
594,0:01:58,"生命随时都可以重新开始,今晚看的一句很正能量的话,共勉之,欧克,再不睡,明天又不能早起开会大,"
595,0:01:58,"兮兮一到宵夜时间就异常兴奋,"
596,0:01:58,"二月只有,天,所以就欢喜地迎来了第,个月啦,是特别的倒计时,也是我们的成人礼,我们一起见证了很多也一起面对了很多,接下来还有很多,我最爱的,有你在身边就足够了,别的什么都不重要,晚安,"
597,0:01:58,"睡前看到一句话,一定要有等待过尽千帆的勇气,瞬间心情好轻松,"
598,0:01:59,"有意思秀粉吐血自制,教授去哪儿,都敏俊天朝妹子在等你,"
599,0:01:59,",万字的小说就看了,天看完然后发现是还没完结的的呵呵呵果断弃了"
600,0:01:59,"系时候换个墙纸葛啦,换个心情,"
601,0:01:59,"我想有一天和你去旅,行,去那没有去过的地方,没有行李,没有背包,不带电脑更不要手机,走一个地方停一个地方,在我心里最美好的就是和你一起老在路上,捕捉最后的流星,坐在最高的山顶上,可以听音乐,聊电影,吃东西,随便是什么,都可以,当日出越过山涧,我未老,你依然,"
602,0:01:59,",嘿嘿生日快樂,還是一句,祝你跟你男朋友常常久久,有空出來玩吧,"
603,0:01:59,"明天就能上电工课了,下周还能上和专业的数据库,这里不是厦大,没有花哨的校选,能学点工科的特色才赚到,只是我愿意把更多的时间花在自己想做的事情上,虽然是学霸,但我讨厌书呆子,我只是希望两年以后不要变成一个废物,有很多事情比期末考的成绩更重要,简单的说,就是梦想和远方"
604,0:01:59,"发表了一篇转载博文,洋妞沙滩激情艺术演绎,"
605,0:01:59,"哈哈,半夜三更的,我又想出来个脑筋急转弯,请听题,其实啊,中国人体型都一样,晓得都是啥体型么,"
606,0:01:59,"我们都快乐,永远可以依靠的肩膀,喝爽歪歪的旺仔"
607,0:02:00,"松田翔太将单独主演,年,月,日上映的电影,新生,欺诈游戏,女主角则由多部未华子出演,多部扮演的单纯正直的女大学生篠宮收到了欺诈游戏的邀请函从而参加了新的抢椅子游戏,在无人岛上,人争夺椅子,筹码是,亿,多部被选中是因为其透明感和外表弱气与内心的强大,据说还有神秘女子会出现,会是谁呢,"
608,0:02:00,"渴望换新机,的忠实客户渴望体验新渴望,系,新渴望,系能解渴望吗,官方微博"
609,0:02:00,",月了诶"
610,0:02:00,"有需要化妆品和日常护理的加微信,"
611,0:02:00,"你觉得孤独就对了,那是让你认识自己的机会,你觉得不被理解就对了,那是让你认清朋友的机会,你觉得黑暗就对了,那是你发现光芒的机会,你觉得无助就对了,那样你才能知道谁是你的贵人,你觉得迷茫就对了,谁的青春不迷茫,谁的青春不迷茫,"
612,0:02:00,"我理想中的生活不应该是一成不变的,隔个三两年就换一个环境一种生活方式,对未来的生活永远充满期待和憧憬,而不仅仅只能是幻想,"
613,0:02:00,"因为我仍有梦,依然将你放在我心中你是我的,度,"
614,0:02:00,"亲爱的自己,我曾把全世界的温暖送给你,种最省钱减肥方法,温暖,"
615,0:02:00,"夜空中最亮的星还得毛川唱,"
616,0:02:00,",月最后一天,原来我一直喜欢有点小温馨的东西,却还是有很多东西在年华正好的时候来不及参与,偶尔落寞的我也依然要好好的生活,生活就是不知所措的面对各种你不知道的事的过程,所以亲爱的自己的好好加油哦,"
617,0:02:00,"不就是减肥吗,瘦十斤不算个事儿,"
618,0:02:00,"双子座的你一定很清楚,自己身上有一股难以被束缚的活力,你的心中永远有新点子,永远会有不同的事物引起你的兴趣,如果爱情带给你的是艰苦谋生的日子,每天除了工作别无乐趣,这种压迫感会令你窒息,如果面包换来的是与一个毫无共同乐趣的人相守一起,这种约束力也会令你疯狂,"
619,0:02:00,浪费
620,0:02:00,"尔等再不就寝,胖十斤,"
621,0:02:00,"敢不敢有一集不让我哭,钝器越来越讨人厌了啊,"
622,0:02:00,"有很多朋友到现在都没有弄明白,为啥现在微信打开全是广告,因为微商时代到来,天天看我每天分享事业机会,可能你会瞧不起,还看不懂,但是今天的你,是拿着手机玩游戏呢,还是拿着手机看别人挣钱呢,这个很重要,你有可能会笑,"
623,0:02:00,",当一个学生跟已婚老师走到了一起,我不得不吐槽一下,现在已不是爱情分不分年龄界限的问题了,是赤裸裸的道德问题呀亲,真恶心,"
624,0:02:00,"分了班,还要给我们分宿舍,好狠啊,"
625,0:02:01,"简直愚不可及,"
626,0:02:01,"都好多年了,其实我还是是对,烟花易冷,过敏,"
627,0:02:01,"明天要早点起来不能耽误了火车,"
628,0:02:01,"分享,李宗盛,的歌曲,凡人歌,分享自,虾米音乐,"
629,0:02:01,"对唔住,我真系唔识点样,将一个好挣噶人扮到好中意,所以成日得罪人多称呼人少,但最起码身边噶朋友都系最真,多谢你地一直噶包容,"
630,0:02:01,"吴承恩,这就如描写大自然发生自组织能力最经典的一句话,一,只亚平宁半岛上的蝴蝶翅膀的扇动,可能导致遥远太平洋深处的一场风暴,我们从这个小苍蝇在大自然统一链条上的功用,看到了天宇之心的微妙,"
631,0:02:01,"有理,要用实际行动报答父母恩情"
632,0:02:01,"换地方喝酒,点评上胡乱搜索离思南公馆最近的酒吧,就搜出了这家酒池星座,据说很有名,生意太好只能坐吧台欣赏调酒师的现场调酒,每个动作都很专业,就是雪茄味太重,被熏着了,"
633,0:02:01,"从来不对自己亲近的朋友使心眼子,"
634,0:02:02,"一直很幸运,自己所在的沈阳很早就有了宜家,这些年无论是快乐还是不快乐的时候都喜欢到宜家里坐坐,心情就会很舒畅,感谢有你,宜家,"
635,0:02:02,"不要再抑郁下去了孩子,你要像个神经病一样活泼开朗,你好,三月,"
636,0:02:02,",华强北水货手机报价,索尼,是一款具有数码相机美名之称,因为它后置摄像头像素达到了,万,已经超越了数码相机的水平,并且支持三防功能,还搭载了高通骁龙四核处理器,目前在深圳水货,"
637,0:02:02,"当你牵挂一个人的时候,你就会想她是不是也在牵挂着你,"
638,0:02:02,",自己存,"
639,0:02:02,"我真是服啦我唯一的粉丝,反复地关注我,删除我,真是想不明白为什么,我都被你弄晕啦,再折腾,我就把你拉黑,哼"
640,0:02:03,"星星看完了,哭肿了眼睛,发誓再也不看韩剧了,"
641,0:02:03,"哎,一时没看清让买了到的票,雨中行,"
642,0:02:03,"洗了太有纪念意义的一个澡,其实我也可以很大胆,以前小瞧自己了呢,求赞,"
643,0:02:03,"命運就是喜歡看你失魂落魄的樣子,"
644,0:02:03,"要记住今天手心冒冷汗的高觉,"
645,0:02:03,"控制手头现金,不光怕浪费,主要是控制欲望,花多要多这也喜欢那也眼热,心头灰尘越积越多,好不容易看清真正想要的,差点又被带沟里,年冬写,不建设,不囤积,不浪费,要相信,这个世界上,真的有人在过你想要的日子,"
646,0:02:04,"刚去了比特币吧打了酱油,虚拟货币而已,不至于吧,搞得和传销一样,投机取巧这种事咱还是敬而远之,"
647,0:02:04,"共同走过的二十年,"
648,0:02:04,"杰哥第一,实力不解释啊,爱你,"
649,0:02:04,你怎么被那么多人簇拥看不见我怎么办
650,0:02:04,"转发评论,去快船可以打首发小前锋啊,马刺,热火的体系已经很成熟了,去了只能打替补,但即使去了快船,虽然有保罗掌舵,但我个人觉得,他们的体系没有建立起来,管理层更多的好像是只要市场上有不错的球员就往来挖,并非是在球队体系之上按需求挖人,格兰杰确定签约快船,"
651,0:02:04,"一次亲热过后,他躺在那人怀里,问道,诶,当初你是怎么决定和我表白的,那人愣了一下,答,记不记得有一次咱俩在路上走,你看见一只小强,尖叫着就扑到我身上了,然后,你就觉得我很柔弱,升起了一股保护欲,之前咱俩不熟的时候我亲眼看到过你徒手捏死蟑螂,"
652,0:02:04,"贾老板的,节奏感好好噢,嘻嘻,睡不着咯,"
653,0:02:04,"复仇者集结,"
654,0:02:04,"班会课,开学季,当然少不了市营,班学子齐聚下来开个班会,这次的班会由我们的重量人物班主任,进行主持,相信大家都记住了老师的教诲,这个学期努力做到不挂科的,对吧,当然还要记住安全问题,新学期,为市营二班的美好未来,干杯,"
655,0:02:04,"小夏夏生日快乐,希望一条微博可以召唤一个,"
656,0:02:04,"杜绝交友不慎,切记损友毁一生,都是杯具呀,"
657,0:02:04,"已跪,"
658,0:02:04,"期待的周末结束了,翻看学生时写的说说自己都看笑了,或许是成长或许是迫于社会的压力,迎接新的一周,也是四月的最后一周,安排好最后一周的工作计划,让四月圆满结束,充实的迎接五一,夜晚的北京还是那么的美丽,晚安北京,亲,年,月,日"
659,0:02:04,"我愿和我家亲爱的永远好好的,"
660,0:02:04,"弟弟们在前面闹着,你一个人默默在后面看饭的留言,之后老金也过去和你一起看,最后大家一起挥手跟屏幕另一边的告别,人说,喜欢的越久发现的缺点越多,对你们亦然,但在你们身上看到的优点,足以将那些缺点深深覆盖,"
661,0:02:04,"陈翔,为什么我会那么喜欢你,"
662,0:02:04,"全都是我的不对,改,"
663,0:02:04,"多屌,多霸气,多接地气,的甜言蜜语,"
664,0:02:05,"虽然迟到了,是自己不对,但是那个老师的态度像个人吗,"
665,0:02:05,"下雨天,偏头痛来得太突然,"
666,0:02:05,"不依赖不指望,不值得,"
667,0:02:05,"失望,到底是什么时候呢,"
668,0:02:05,"现在突然非常非常的想你,想抱着你哭会"
669,0:02:05,"我不是怀念大学,"
670,0:02:05,習慣成自然
671,0:02:06,"最强大脑,虹膜识人孙小辉和追梦老男孩李勇谁会晋级,孙小辉不喜欢李勇,详情,"
672,0:02:06,"醉乡民谣,不错很耐看,整部片子词不多但氛围浓厚,还是希望科恩在奥斯卡拿奖,白日焰火,内地,月,日上映,好高兴,票房一定不温不火但是好片仅预告片就把人物心里表现的淋漓尽致,荣誉不用说,情节大概也知道,想看看男女主人翁是如何演绎松花江情绪的,配乐也喜欢,钢琴提琴加吉他底噪,完美佳作"
673,0:02:07,"药山,人文景观历史悠久,始建于隋唐,兴盛于明清,是集佛,道两教于一山的宗教圣地,历代兴建的寺,观,殿,宇有清华观,遥望洞,三清殿,灵官殿,佛爷殿,宝林寺,朝阳寺,观音阁,碧霞宫,龙王庙,关帝祠,唐塔等诸多古刹,布局严谨,规模宏大,楼阁参差,碑碣林立,雄伟壮观,"
674,0:02:07,"我想我是幸运的又幸福的,有爱我的父母家人,关心我的朋友,忍了一天的眼泪,"
675,0:02:07,"我说真的,这种东西谁爱学谁学去,各种,各种,各种,还有什么,大哥求你饶了我吧"
676,0:02:07,",男神生日快乐,二十不悔,"
677,0:02:07,"哦,对了,今天把人气哭了,我可没那么坏,当下我比人家还慌,然后变成我边淌眼泪边说我错了,我说错话了,办错事了,诶,我可真是,"
678,0:02:07,"在寝室边聊天边涂鸦,三个字,人体渣"
679,0:02:07,"走到尽头了,呵呵呵拜拜,"
680,0:02:08,"晚安,追梦人们,"
681,0:02:08,"周杰伦的粉外套,简直太萌太可爱了,可怜在学校不能看直播,天后等我,"
682,0:02:08,"每天晚上都睡得不想洗漱,早上还起不来,是不是好朋友快来了"
683,0:02:08,"有时候就是觉得决定是错误的,我恨恨自己不能下决心,"
684,0:02:08,"上一次认真看一部韩剧是,年前了,"
685,0:02:08,"晴天一声雷,大街上突降一个不依不饶的碰瓷哥,如此的,敬业,实在让人叹为观止,幸亏司机大哥也不是吃素的,终凭借其精湛无比的车技,风骚的走位,完美躲避,"
686,0:02:08,"想看,科学怪狗,原来有真人版,"
687,0:02:08,"好与更好,做有知识的人虽好,但做有道德的人更好,做我们必须做的事虽很好,但做我们应该做的事就更好,制定人生计划与确立未来目标虽好,但将它们付诸实施就更好,希望成功虽然好,但为成功而努力就更好,做出承诺虽然很好,但兑现承诺就更好,具有尊严虽然很好,但不践踏别人的尊严更好,"
688,0:02:08,"可能别人经常会说别勉强,别强求,别为难自己,我却觉着挺住这两个字就够了,挺住,再苦再难都要坚持,突然想到鱼住,睡了,"
689,0:02:08,感谢两个蛋的手抓饼
690,0:02:08,能好好的吗
691,0:02:08,"怕黑怕鬼怕僵尸怕怪兽怕很多可怕事物的人还要看鬼故事和可怕的图片,第一张就受不了,"
692,0:02:08,"原来这才是真相,转贴强人是我呀,给力的转,愿望就是能中个小奖,详情,"
693,0:02:08,"无论你有多喜欢对方,爱情里的主动必须是男人,如果这个男人不主动,我宁愿错过,"
694,0:02:08,"手机上早删了,微博一直都在,重新下了微信,翻了近十天的朋友圈,跟空间比起来真的要有爱的多,"
695,0:02:08,"拼命学习,怕以后买不起房子,拼命套磁,怕申不上学校,拼命买衣服,怕自己比别人难看太多,拼命提醒别人我的生日快到了,怕过了生日时没人会想起我,拼命,总之是,做什么都挺拼命的,甚至是拼命谈恋爱,怕以后没人要,"
696,0:02:08,"当所有的悲伤揉在一起的时候是胡思乱想睡不着觉地翻腾,"
697,0:02:08,"在一起,个月,天,"
795,0:02:54,"小黑特辑,顺便让我吐槽下怎么有个奇怪的标签乱入了,这样的名侦探才不喜欢呢,主,御剑游仙,"
796,0:02:54,",号了,真要命,"
797,0:02:54,"只能怪我太容易相信人,去你妈的,以后要带眼识人,"
798,0:02:54,",虾米音乐听到一首好听的歌曲,唯物主义,一起来听吧,"
799,0:02:54,"为什么木有人发明出这个发型,我是要引领时尚了么,"
800,0:02:54,"添加自选股,保税科技,现价,元,我的自选股列表,大家觉得这股怎么样,有共同关注的朋友吗,"
801,0:02:54,现在肚子好饿
802,0:02:54,",几个月后会不会改变什么,我就是给我一个数学公式我只认识里面的数字,一个单词我只认识里面的字母,一个化学数学符号,对我来说它就是一个符号,什么都不懂的我,无权就爱声张正义的我,不会温柔娇纵的我,你学习好,阳光,微笑又好看,莫名失落,"
803,0:02:54,"由于种种原因,明天不能去广州帮比伯庆生了,不过送他的礼物我都准备好了,准备寄给他,然后我觉得我想对他说的话真的是太多了太多了只好明天好好在啪啪上和上面对他说声生日快乐二十岁快乐,年轻的你,一切都还早人生都还没开始,所以好好享受人生路上的每一段历程你所经历的就是你以后回想起最美好的回忆"
804,0:02:54,"这几天看了莫言的,天堂蒜薹之歌,对,年代蒜农所遭受的剥削与不公以及在那个大环境下农村贫农的悲惨命运有较深刻的认识,语言接地气,人物刻画真实,可以领略到专属莫言的小说风格,"
805,0:02:54,"看完话剧回来后,头好疼,怎么回事,"
806,0:02:54,"小伙伴说如果我能把迟到的毛病改了,把记事混乱的脑子练好了基本还是和人见人爱的好姑娘,开始挺开心的感觉被夸了,现在想想总觉得这货是在赤裸裸的损我,"
807,0:02:54,"嗯,到了会把家里弄的一团糟的年纪,还不愿收拾,"
808,0:02:54,"激动的一刻,终于有流量了,这个月用了,兆,"
809,0:02:54,"洗脸刷,深层清洁毛孔,加倍呵护幼嫩肌肤,"
810,0:02:54,"有人推荐纸牌屋,无锡周氏,内幕不多,不过能这样直接拍到他在农村的老宅已经不错,此时此刻,窗外穿来野孩子的哭泣声,非常难听,我把妈妈叫醒,她说是猫叫春,感到更难听了,刺耳以及任何形容词都不足以形容这奇葩的声音,以后再也不想见到猫了,戴上耳机睡觉去,那几只野猫,白天能看见,"
811,0:02:54,每晚都要听着歌入睡
812,0:02:54,"今晚做了蛋挞,皮很酥脆,蛋浆烤了后也很嫩,"
813,0:02:54,"很高兴认识郑州美食界茶与菜,时尚秀导时尚编导李玮,及模特新秀琦琦大胖纸,期待未来我们给力的合作,与,后拍照伤不起,今晚是个卖萌的夜晚,"
814,0:02:54,"妈妈再也不用担心我的脸油油的了,真的好舒服喔,"
815,0:02:54,"哎,不去想了,还是随缘吧,多想想自己的事,晚安,"
816,0:02:54,"啊,好过瘾啊,饿到现在终于吃上麦当劳,"
817,0:02:54,"看完星星了,其实也就还好吧"
818,0:02:54,"离别的话应该早早的说好,因为,等真的到了那一刻,便没法好好的道别了,"
819,0:02:54,"走心的速度跟时间的快慢成反比吗,"
820,0:02:54,"是把我看得有多重要才会记得今天这个日子,"
821,0:02:54,"太激动了,终于收拾完了,"
822,0:02:54,"其实我一直在偷偷的看着你,关注你,"
823,0:02:54,"我如此相信你,你为何要我,"
824,0:02:55,"韩国,婚纱瞬间,秒魔法美白身体乳液,满足想要美白的,适用于全身,能完全遮掉皮肤上所有的暗沉,特别是膝盖和手肘处大部分的偏黑的,所以很适合用这款产品,这款产品涂上去之后能保持一整天的白嫩,也很好推开,不用担心流汗或者外出时会掉"
825,0:02:55,"对不起,我真的错了"
826,0:02:55,"最近真的挺想喝酒哈,想跟你拿着罐子吃串子,哪天宿在大连一绪一绪,等不及了明儿咱在寝室走起吧,"
827,0:02:55,你到底要我怎样啊
828,0:02:55,"桃花一朵朵,可惜没有开,"
829,0:02:55,"我蠢我笨我窝囊,"
830,0:02:55,"美脚枕,垫在脚下整腿形的,经常坐在电脑前的人需要用到的,调整骨盆,引导正确坐姿,日币,评论回复下单,拍此定金,备注微博名字,"
831,0:02:55,"玩跳跳从来不借记录上,的手机,因为这让我看不到希望,晚安,三月"
832,0:02:55,"到白塔河一站,我就比出的手势,但我没看到你,出自冠希哥歌词,"
833,0:02:55,"当我准备停下脚步,抛掉顾虑,试着走近,才发现早已错过,"
834,0:02:55,"我还年轻,性子急,脾气暴,傻的很,挨的了批评,受不得委屈,"
835,0:02:55,"孩子就是一生的羁绊,"
836,0:02:55,"打车软件和用久了,每次都是绑定信用卡付费,下车不用给钱,收据直接发到邮箱,今天晕菜了,是路上拦的车,到地儿了直接下车,司机怒了,以为是坐霸王车的,给了,的小费安抚他受惊的心灵,"
837,0:02:55,"晚上在机场候机,想听音乐,找不到耳机了,想起耳机应该在外套口袋里,然后开始找外套,又发现找不到外套了,再然后想起外套应该挂在宾馆房间的衣柜里,可早晨就退房了,赶紧打电话到前台,还好找到了,"
838,0:02:55,"生活在感恩的世界,诚心面对每一位养育我的人,关心爱护帮助我的亲人们,孝与感恩行动在我心,理解包容才能和谐身心,熄灭膨胀的欲望才能恢复本来的清凉,世界为什么变成这样,利益得失害得让人发狂,细细体会,慢慢品偿,幸福人生真爱直往,念佛成佛,回归真常,"
839,0:02:55,"无线悬浮鼠标,是由俄罗斯设计师,设计的,这个鼠标由一个悬浮导航器和磁力底圈组成,它可以预防并治疗腕管综合征,正中神经功能障碍,活跃的计算机使用者很容易患上这种疾病,这个设计希望通过提高人体工学的控制,来消除因使用鼠标而带来的手部麻木感,刺痛,虚弱或肌肉损伤,"
840,0:02:55,"只要持续地努力,不懈地奋斗,就没有征服不了的东西,古罗马哲学家塞内加"
841,0:02:55,"浪漫的二月,和平的说声再见,磨合的一年,之痒就算过,却频频出现此时这种状况"
842,0:02:55,"来来来,五菜一汤"
843,0:02:55,"希望,期望,盼望,瞭望,愿望,远望,同乐,"
844,0:02:55,"神物,好多参考都不用上网查了,"
845,0:02:55,"俄怕人走茶,凉,俄怕好多东西,但是这些都躲不掉,或者某一天就要面对"
846,0:02:55,"你唱歌会跑调吗,可能存在沟通障碍,详情,"
847,0:02:55,"再好的东西都有失去的一天,再深的记忆也有淡忘的一天,再爱的人,也有远走的一天,再美的梦也有苏醒的一天,该放弃的决不挽留,该珍惜的决不放手,分手后不可以做朋友,因为彼此伤害过,也不可以做敌人,因为彼此深爱过"
848,0:02:55,"三月来啦,男神女神,"
849,0:02:55,"早上消失不见的隐形眼镜晚上发现它掉在镜子上了,失而复得好开心,下午收到了潇潇买的一小箱虽然卖相差但是好吃,我只是随口一句她就买了小感动,宝贝早上的手术很顺利,虽然眼睛会疼但没有掉眼泪,又是欣慰又是心疼,阿姨爱你,"
850,0:02:55,"还有其他品种的星星哦,"
851,0:02:55,",好愛寶們,今天,整個都被到南部弄假牙給洗版了,好爽,後悔了今年沒去,"
852,0:02:56,"目前,微博营销业界并存三个层次,第一层次,微博装修,发发博文,刷一些假的转发,评论,第二层次,在第一层次的基础上,用一些小软件,群发私信或群发评论,第三层次,认识到,精准人群挖掘,是微博营销的前提,基于,精准人群挖掘,自动化互动,的智能微博营销,与我公司合作,直接进入第三层次,"
853,0:02:56,"外面下着雨,"
854,0:02:56,"传微软,月成立,投资基金,促进创新,月,日,国际报道,多条消息称,微软将设立一个面向创业公司的投资基金,消息包含指向一个,网页的链接,该网页称,我们正在从事有趣的工作,将很快对外公布更多消息,"
855,0:02:56,"最讨厌那些把自己放在悲伤情绪里摆出一副受伤者姿态看不见值得骄傲开心的事情的人,没有谁的心里没有点情绪的,那又能怎样,生活还是那么好,活着,就是意义"
856,0:02:56,"刚刚申请了个微博为什么想要多点粉那么难要不要那么难越难我越想要粉好不好,"
857,0:02:56,"转发评论,百度和谷歌是,种政治,难道谷歌就干净吗,有时候立场比真相重要,李彦宏,谷歌失败因本土化不够,"
858,0:02:56,"我们遇见过一些人,他们却只是生命中的匆匆过客而已,去了也就过了,我们也错过一些人,不知道错过他们是否是种遗憾,毕竟已经错过了,爱,会在什么时候,以什么方式出现,这个问题永远没有既定的答案,转角遇到,爱,"
859,0:02:56,",宝宝,晚安,好梦,爱你,"
860,0:02:56,"白鹤拳,好可爱的闽南普通话"
861,0:02:56,"岁月,悄无声息,到来,离开,只有印痕,事情都只是事情,终归会解决,该来的来,该去的去,总有结局,唯一可以沉淀的是自身价值,堕落贬值还是不断提升,都是由自己的一举一动一分一秒地造就的,为什么要选择苍白呢"
862,0:02:56,"晚安,二月,早安,三月,"
863,0:02:56,"成长就是一步一个脚印的往前走,身边的人或走或留,最后能陪我走到最后的只有自己,"
864,0:02:56,"策划,演出,摄影,"
865,0:02:56,"是太兴奋失眠了吗,"
866,0:02:56,"亲爱的各位,觉兽,们,还是贴近生活务点实吧,别一天总云山雾罩滴了,你如果做对百姓有益的事,百姓会记得你的好的"
867,0:02:56,"睁眼等天亮,夜深了,我累了,心也累了,睡吧,世界晚安,"
868,0:02:56,"有时候想想时间能改变的东西还真多,以前喜欢的颜色不再喜欢了,以前喜欢吃的东西也不再喜欢了,以前有的一些习惯也不再是习惯了,以前在乎的人似乎也不再那么在乎了,重要的是以前喜欢的人应该也不再喜欢了,只是最开始那颗炙热的心最开始的那一种感觉至今还记得,"
869,0:02:57,"哈哈哈哈哈哈哈,闺蜜聚会,"
870,0:03:04,"搜达分享,微看点,世界杯,"
871,0:03:04,"麻木的生活,求打救,"
872,0:03:05,"今天玩世不恭的你突然说起在你碌碌无为的生命里,最不能容忍的事就是自己深爱的女人对自己无情的背叛,为此我提醒,建议,劝告你,任何时候不要对任何女人期望过高,可是你说那是因为我不是一个好女人才会有那样的结论,好吧,后悔吧你,不好,并不代表不正常,"
873,0:03:05,"老挝,香通寺,始建于,年,如同许多其他王宫一样,香通寺也位于湄公河附近,是琅勃拉邦最华丽又最俱代表性的寺庙,香通寺寺庙一端有几个小厅和舍利塔,里面有许多佛像,这其中包括一个卧佛殿,因为殿内供奉着一尊可追溯到此寺建造之初年代的卧佛,"
874,0:03:05,"西北风味,新疆大盘鸡,新疆大盘鸡起源于,年代初期,新疆大盘鸡的原创地在新疆沙湾县,据说出自于当地的一家清真饭馆,主要是鸡块和土豆块,配皮带面烹饪,"
875,0:03:05,"飞舞的小鸟,飘逸的图案,婉转徘徊,灵动美丽,树荫的图画美妙又有艺术气息,"
876,0:03:06,"女儿别怕,爸爸与你平静相依,我父亲是一个大男子主义实足的,这是谁也取代不了也否定不了的事实,后十年我以为他日夜与酒为伴脑袋也退化成学龄前儿童更不愿与他沟通任何,当我醉眼迷离跟他解释,是一个朋友受不了分手之苦而陪醉天明,他对我说道这句话我依然要忍住差一点夺出眼眶的泪,"
877,0:03:06,"街头涂鸦,作品位于西班牙,一条大蛇盘旋在房子之中缠绕着,"
878,0:03:06,"大波斯菊的主人,美丽的罗青春仙子,生日快乐,去年马来朝夕相处了一个月,咱俩可是一见如故,相见恨晚呐,只可惜你不是个男的,因为我真的和,的你很般配,你说咱在国际舞台上都登台演出了,今年是不是真该考虑组个乐队了,到时你弹吉他我献唱,您琢磨琢磨,我们几个小时后见,"
879,0:03:06,",年最新款"
880,0:03:06,"新嘉年华到店实拍,小马丁来袭,时隔十年,嘉年华带着国内的第二代改款车型再次出现在了大家的面前,那么接下来,就让我们一起来看看经历本次改款的嘉年华除了前脸外,还有什么本质的变化,"
881,0:03:06,"壁纸灯,有一种超出既往认知的意外,谁能想到把墙纸撕开一块儿就能变成一盏灯呢,"
882,0:03:06,"实拍济南市民书店里品书香过大年,大年初三,与亲人在家团聚了两天的人们开始,往外走,记者在泉城路新华书店看到,月,日来这里买书看书的人非常多,书店工作人员介绍,日的客流量较前两日有明显增长,"
883,0:03:06,"刚看了前任攻略,我觉得真正适合来看这部电影的,还是那些保持着多年友情关系,彼此相爱却因各种姻缘不忍说破就这么一直搁着的朋友们,赶紧约约看看电影,牵着小手回家吧,再等下去他,她就不是你身边的了,"
884,0:03:06,"不是不给你去玩,好歹也要打声招呼,也该懂事了,能不能不要让人担心好吗,"
885,0:03:06,"皮肤过敏如何上妆,秘诀,冰凉矿泉水湿敷,降温镇静,肌肤过敏时如果硬要直接上妆,可能加重症状,不妨以冰矿泉喷雾沾湿化妆棉,湿敷在红肿过敏的局部,约,分钟,利用温度,水,矿泉微量元素,能即刻发挥暂时性的舒缓,之后再擦点保湿乳液,改善了皮肤症状,再上妆就顺利多了,"
886,0:03:07,"世界上最小的西瓜,佩普基诺,世界上最小的西瓜,学名,佩普基诺,厘米长,比普通西瓜小,倍,外皮柔滑细嫩,内瓤为青绿色,口感如黄瓜般清脆爽口,可直接食用,想不想尝尝,"
887,0:03:07,"老模式新操作,将临,上的传统平台过关游戏的操作似乎除了能让人怀旧以外,体现不出全新触屏操作的特色,为了让大家体验些不一样的东西,游戏开发商,工作室决定把,愤怒的小鸟,的操作放到平台过关游戏上,看看会发生怎样有趣的变化,"
888,0:03:07,"最近一直在听私房故事第一季之青青起切汉堡包,开头青青肚皮饿,结尾像刚度一样回起了,很好笑,到原作者翻毛腔说要酝酿情绪停播几天,还教育我,喜欢吃的东西难道天天吃吗,册那,我要,故事,"
889,0:03:07,"跟胡大姐谈话的时候我一直发抖,她突然一把抓起我的手搓了搓,问我是不是很紧张,我回答说只是冷,她的手很暖,有妈妈的感觉,"
890,0:03:07,"既然青春马上就要死了,那就在临死之前狠狠的踹一脚吧,明天继续,黎安,"
891,0:03:07,"再见都敏俊,来自星星都敏俊,再见,"
892,0:03:07,"曾经坚决不能忍受什么事,"
893,0:03:07,"严重失眠,真的可以那么简单自然,真的不可以不那么太细致,"
894,0:03:07,"一辈子可能只见一次,分,秒抢银行那段笑死我了,"
895,0:03:07,"在软件公司,当女程序员遇到困难时,"
896,0:03:07,"张杰,夜空中最亮的星,好听到单曲循环根本停不下来啊啊啊啊啊,还让不让人好好睡觉了,救命啊,我是歌手张杰,"
897,0:03:07,"越来越发现苹果的相机真不咋地,"
898,0:03:07,"又勾勾又丢丢,最近青曲社看太多我都三俗了"
899,0:03:07,"祝自己,岁,生辰快乐,"
900,0:03:07,"这两天心情一点也不好,"
901,0:03:07,"今天下班,小朋友已经睡着了,厌倦了这样加班,"
902,0:03:07,"英雄联盟,六六解说,钻,打野雪人第一视角,暴力雪人,野界带头大哥努努教学,"
903,0:03:08,"既是同事,朋友,就有共同语言,互有好感的人,如果你没有意思将这种关系发展为恋情,就应当将感情投入限制在友谊的范围内,即使很有好感,也不应表露出来,"
904,0:03:08,"停驻其中,给人的感觉就是走进大自然,可以集娱乐,工作为一体的它,你怎么可以错过,"
905,0:03:08,"皮肤感觉红肿,疼痛处方,最重要的仍然是先冷却肌肤,止住发热症状,可以用冰水或者有镇静作用的化,妆水轻轻拍打,待肌肤状况镇定下来后立即到医院治疗,使用医生开的药物,停止一切化妆品,但药物以治疗为目的,有副作用,不宜长期使用,"
906,0:03:08,"好想来一次说走就走的旅行,"
907,0:03:08,"开会的时候你总是一声不吭,而散会后却总是对会议上决定的事情喋喋不休地发表观点,这怎能不引起他人反感,不看场合,方式失当的沟通通常会失败,"
908,0:03:08,"憋屈,太憋屈,太太太太憋屈了,尼玛,反正我以后绝对不会逼我孩子结婚的,"
909,0:03:08,"沈阳卫生局长与医院院长开房,被指涉权色交易,月,日,沈阳市纪委昨晚核实,日网上出现的,沈阳开房门,信息中男性为市卫生局局长闫石,女性为市妇婴医院院长李晨阳,目前闫石已被责令辞职,李晨阳被停职,另据网友爆料,闫李二人进行权色交易,垄断医院工程,"
910,0:03:08,"未熟催熟有毒食物,许多食物正常时是美味营养的好食品,但一旦不新鲜,发芽,或是采用非常规手段催熟后,甚至会危及到生命,比如青西红柿,它含有毒性物质,食用这种还未成熟的青色西红柿,口腔有苦涩感,吃后可出现恶心,呕吐等中毒症状,生吃危险性更大,"
911,0:03:08,"为什么我要在厂长的提,醒,手贱去百度炸鸡和啤酒,果然药不够,"
912,0:03:08,"终于周末了,现在就好像开学几个月了一样,困了呢,晚安"
913,0:03:08,"你好,我好,三月,来个拥抱,"
914,0:03:09,"外面下雨了,不怕,我有新雨衣,"
915,0:03:28,"森系风,地址,蕾丝衫,牛仔裤,单肩包,单鞋,"
916,0:03:29,"不怕不会说话的小三,就怕二逼的下属,"
917,0:03:29,"机遇是一种可遇而不可求的东西,当机遇降临到您头上时,您就是故事的主角,将三国,心得录,我得到了兵器毁灭之杖,买菜刀都要实名制,有把趁手的兵器不易啊,去将三国看看,"
918,0:03:29,",把别人看得太重,结果在别人眼里自己什么都不是,"
919,0:03:29,"要做风一样的男子,"
920,0:03:30,"中国之声在讨论输液的危害和国人对它的依赖,作为从没打过点滴的药渣,我突然傲娇起来,"
921,0:03:30,"北美车展,款指南者,款指南者在底特律首发亮相,新车在外观上有所改变,前进气格栅镀铬装饰更加突出,轮毂样式和尾灯也有所调整,配置方面,新车增加了倒车摄像头和电动尾门,新车也将装配一款全新的,变速箱,这让其在城市级车型竞争更有优势,"
922,0:03:30,"今年沒有,號欸簡少爺,生日快樂,"
923,0:03:30,",最终还是和在一起啦,哈哈哈,和呢,不然是,其实都是心理的一种习惯,只需稍稍改变,一切就不一样了,看的无中文字幕版,为什么没有,但是看懂了,"
924,0:03:30,"处女座讨厌的,多数人喜欢的东西,虚伪的人,社会的阴暗面,卖弄,搞暧昧的人,自以为是的人,被自己定义为傻逼的傻逼们,不干净利落的人,太精明的人,说假话说的太没技术的人,没有原则,贪婪的人,没事犯贱的人"
925,0:03:30,"五指成梳,留住秀发,我们知道,头部集中了人身上好几个重要的大穴,通过梳理过程中的刺激,可以起到按摩作用,首先用梳子把头发梳通,从前额开始,由上往下梳,力道适中,再用手指,轻轻按摩着头皮,用手指分别从耳根,颈部发根及前额发根部位向头顶梳拢,再集中搓揉头顶,"
926,0:03:30,"昏昏的,上头啦,"
927,0:03:30,"其实一般的常规的面试,面试官会就你未来的工作内容每一块问一个问题,问透就可以,面试官不可能让你把所有的条块内容都展示清楚,所以,回答要经过浓缩和提炼,"
928,0:03:30,"自己找乐子,"
929,0:03:30,"采用了很有动感的波浪形条纹设计,让人在视觉上产生更强烈的效果,"
930,0:03:30,"怪我太神经,"
931,0:03:30,"屌丝男士第一季,"
932,0:03:30,"霍比特人这坑好深,"
933,0:03:31,"你到北京,你家里人知道么,"
934,0:03:31,"一周年纪念,薇一有你,有你世界才完整,"
935,0:03:31,"三月第一天,你好,闽科,你好,三月,"
936,0:03:31,"女人当男人,男人当狗的半天过去了,下午继续,大家刚吧蝶,话说霏霏思密达,中午一对好基友就已经一起了"
937,0:03:31,"我真的希望这辈子娶我的是你,真的,其他人我谁都不要,"
938,0:03:31,"进口全新胜达官方售价调整,现代官方宣布,将对,款全新进口胜达,车型的售价进行调整,官方售价平均上涨,元,此次调价共涉及,款,驱高端车型,此次调价的原因是,这些加价车型均加装了前后包围套件,"
939,0:03:31,"迎战中考周一至周五晚自习到九点,致使孩子每天五点半起晚上十点到家十二点过后睡觉,校方为促使学生学习冒充家长说学生周六在家很闲于是提出补课这一说法好听点是积极发展教育事业为国家培养科技人才,说白了就是为了学校的荣誉把同学们当作读书机器硬式化栽培,你若要便是优秀,不要便是自我放弃,何必硬逼"
940,0:03:31,"珍惜身边的每一份友情,无论它是不是已经过去,你们的离开,只是会让我更沉默,只会让我更加想念你们因为有你们所以很好祝你们幸福,不知道你们还会不会想起我,或许早就把我给遗忘了,"
941,0:03:31,"美国密苏里州圣约瑟夫的精神病博物馆建在一所精神病院,年对外开放,博物馆的走廊里充斥着一种阴沉恐怖的气息,也许在很久以前,这里的精神病患者会在走廊里游荡,不会发出尖叫声,治疗精神病往往是一个非常痛苦的过程,参观者还能通过各种物品,了解精神病患者的种种举动,"
942,0:03:31,"每次感受都不一样,变着法的难受,让人想说的,"
943,0:03:31,"我的故事很长,你真的要听么,曾经的爱情,"
944,0:03:31,"张杰,夜空中最闪亮的星,我是歌手,我愛张杰,有他我驕傲,我分享了,"
945,0:03:31,"今天我是歌手的几首歌,喝着酒听,真是难过"
946,0:03:31,",枫泽天妆,款新鲜出炉,质量无需美言,看图说话,看中请私信直接下单,本店保证全部实物拍摄,不接急单,只做精品,比价不比质量的请绕道,元,一件代发,运费自理,"
947,0:03:31,"听着雨声睡觉,感觉也挺好,我的世界似乎一下子充盈起来,虽然我真的招架不住,而且每时每刻都感觉很累很累,但是未来的自己一定不会后悔现在努力挣扎的自己,加油,那么,全世界晚安啦,三月,你好,我准备好迎接你给我的挑战了,"
948,0:03:32,",年环评考试,开始冲刺,天佑我,"
949,0:03:32,"我不愿通过努力工作而永垂不朽,我想不死而不朽,惯性导致了三分之二的婚姻,而爱情造成了余下三分之一的婚姻,我并不怕死,只是希望死亡来的时候,我正好不在,我因为形而上学考试时作弊而被学校开除了,我偷看了另一个同学的灵魂,我人生的一大遗憾就是,我不是另外一个人,伍迪艾伦,"
950,0:03:32,"最好的日子,无非就是你在闹,他在笑,所有的岁月静好,如此的温暖到老,我所喜欢的,无非也就是,爱到累了,倦了,爱依旧在,爱的心依然是不变的,无论是在什么时候,都是能让心掀起波澜,"
951,0:03:32,",不是不想说话,而是有很多话说不出来,放在心里会安全点,"
952,0:04:00,"穿越回古代,你是什么角色,白羊座,女将,金牛座,村姑,双子座,贵妃,巨蟹座,丫鬟,狮子座,公主,处女座,嬷嬷,天秤座,女皇,天蝎座,女侠,射手座,淫贱,摩羯座,皇后,水瓶座,太监,双鱼座,名妓,你妹啊,我是淫贱,睡不着啦,你能睡着吗,"
953,0:04:02,",猫将猫将猫将猫将猫将猫将猫将,广告,你不用点的,"
954,0:04:02,"晚安好梦,哥哥我爱你,好了,你不要像我这样的熬夜喔,华晨宇你给我滚去吃素,好好保护身体,安安,"
955,0:04:02,"一对儿小情侣上公园溜达,男的深情的对女的说,你就是我的优乐美,这样我就,话没说完,直接迎来一大嘴巴子,老娘就值三块五毛钱呐,"
956,0:04:02,"亲,是不是我太自私了,我总是感觉到累,每次想到家里的事就睡不着,"
957,0:04:03,"谢谢你借给我哭一场的肩膀,"
958,0:04:03,"你为什么爱他,她,我很喜欢这个活动,真的很想哦,给我吧,详情,"
959,0:04:03,"那些推销和唠叨,满满的都是爱,就是倔老头的脾气越来越怪了,"
960,0:04:03,"尬的,要如何讓那啥紅包飛的鬼東西離開首頁啊,"
961,0:04:03,"涨姿势,煎饼果子是由武林高手所创,煎饼果子在天津已经有百年历史,这几年,煎饼果子的名头大有取代狗不理之势,那么,煎饼果子是由谁所创,怎么来的呢,"
962,0:04:03,"不再艰难的离开,不再轻易的驻足,要相信总会有一个人让你甘心将时间当作填空题一样交到他手里,怎么填都对,"
963,0:04:03,",春天快来,"
964,0:04:04,",月最后一天,在空间里发现这么一个有趣的东西,数据不会说谎,人心却会,"
965,0:04:04,"不要在乎的太多,告诉别人的话今天也要告诉自己,"
966,0:04:04,"翻看过去的微博,始终不相信,也放不下,我要看着你幸福,小爷泽,"
967,0:04:04,"第一次这么想让二宝陪在我身边,可是都要回学校了,又想让他陪家里人,又想让他陪我,计划没有变化快,我真的想自私一回,可我真的做不到,"
968,0:04:04,"转点了,应该是你人生中很重要的一天,你终于登上了这个舞台,很替你感到高兴,一直在台下默默看着你,一个个熟悉的动作和表情,好美,好久没有看到过你了,感觉今天盯着你真的是一种奢侈,我也很开心,默默注视着就够了,我已经很满足,希望你能每天高高兴兴,开开心心,"
969,0:04:04,"新浪财经讯,月,日消息,针对人民币今日早盘暴跌,中国人民大学财政金融学院教授涂永红对新浪财经分析,人民币下跌原因有三,一是最近中国的出口贸易额下降,这种出口贸易的差额影响了汇率走向,二是楼市降价等市场唱空声音导致逃离,分享自,"
970,0:04:04,"初恋的人大多都不懂爱,所以初恋失败的多,成功的少,结婚应该找个未婚的,因为谁都喜欢原装,而恋爱,还是找个恋爱过的人才好,因为经历过恋爱的人才知道什么是爱,怎么去爱,"
971,0:04:04,"每次躺在床上准备睡觉时,都会好饿,想像着各种好吃的事物,不管了,哪怕是自己孤独上路,明天也一定要吃到嘴里,牛肉汤,海带,藕片,等我,人生苦短,食字天大,"
972,0:04:04,"剑网,我是巫马风,来自午阳岗,我想对郭伟伟,说,给个玄晶吧,已有,人参与,剑网,客户服务"
973,0:04:04,"青春不散场,校长说校花暗恋我,"
974,0:04:04,",只是一个简单的愿望,希望你对我说,你爱我"
975,0:04:04,"习惯像永不愈合的固执伤痕,一思念就撕裂灵魂"
976,0:04:04,"我的,流量终于来了,以后再也不敢看电影了,"
977,0:04:04,"我很慵懒地抱住妈妈,撒娇般说道,妈,我想买一条狗,妈妈面无表情,没有回答我,于是我又重复了一遍,妈妈转头对我说,孩子,妈妈希望你能发现,你自己身边就有两条为你任劳任怨的狗,"
978,0:04:04,"六名全球业界领袖被收入塑料名人堂,美国,大会将宣布六位塑料名人堂的新成员,包括在材料,包装,模具和机械领域的开拓创新者,"
979,0:04:04,"不要暗示孩子做不良的事,比如,打架一定要打回来,自己的东西不给别的吃,乘车不购票等,"
980,0:04:05,",集不個次真的是對不起李國毅,感情戲都是本人了,果然不負我的期望,閃到瞎,預告是要逼死誰啊,"
981,0:04:05,"说句认真的话,马上就,月了,某些平时显得特别,真饭,的闲人,到现在还不开始精打细算,攒钱备战总选,净花钱干些诸如给别人买僵尸粉之类毫无意义的事,也好意思说自己是,的真饭,你们让那些已经开始集资的粉丝们情何以堪啊,"
982,0:04:05,"权哥生日快乐,"
983,0:04:05,静静的生活
984,0:04:05,"美美的衣服,姐妹们问价把,"
985,0:04:05,"我脾气真的挺坏的,不过只对你一个好,"
986,0:04:05,"三月了,手机停机了,"
987,0:04:05,"体验真正的物超所值,满,元包邮,快和闺蜜一起来淘吧,链接在评论里,"
988,0:04:05,"大学入学的第一天,第一次去食堂,食堂灰常地昏暗,我走到了窗口前,阿姨看见我轻轻地问我,吃什么同学,我被吓到呆住了,阿姨见我不回答于是又问我,好多好吃的同学,于是我被吓哭了,"
989,0:04:05,"妈了个蛋子,数字鸡巴生生世世拔出李淑洁,哇咔咔,"
990,0:04:05,"女性荷尔蒙将要激发,"
991,0:04:05,"特别在意时间的开始和结束,每当想拖延的时候就会给自己一个期限,列了许多,放弃了一些,专注有时会解决掉很多不必要的麻烦,一切以重要程度时间远近排序,三月真的可以被称之为春天了,希望想做什么事都能去做,希望长沙的雨季短一点,希望别再胖了,"
992,0:04:05,",好想发癫,"
993,0:04:05,"三月你好,明天要打两个电话文登和新煮意不能忘不能忘,家里的坏了闹哪样,晚安吧地球人,"
994,0:04:05,"笑嘻嘻得看着剩下得你们自己玩去吧,"
995,0:04:05,"深夜了,我又觉得很饿了,忍住,"
996,0:04:05,"刚刚从朋友那得知这个,恍然大悟啊,索的斯类,"
997,0:04:05,"活得太累的,个原因,太看重位子,总想着票子,倒腾着房子,假充着君子,思谋着裙子,总划着圈子,放不下架子,撕不开面子,眷顾着孩子,有时还要装孙子,"
998,0:04:05,"贾斯汀比伯,岁生日快乐,感觉时间好像还停在你,岁生日的时候,那个生日大概是我过的最用心的生日,我比你小,你在我眼里却一直都是孩子,我想保护你,我把你介绍给爸爸妈妈,我不许别人说你不好,我爱你,再过多少年我都爱你,好想你,"
999,0:04:06,"大半夜的这是要感动死谁吗,大博哥终于感动我一回了,么么哒,"
1000,0:04:06,"留着的大部分都是现实特别是微信百分之,都是,好哒,我老老实实睡觉了,"
1001,0:04:06,",早春,韩流美衣,看金秋如何美丽动人"
1002,0:04:06,"视频,猫咪玩多米诺骨牌你叫人类情何以堪,"
1003,0:04:06,"以此记录这次旅行,"
1004,0:04:06,"他们白头到老,爷爷,岁,婆婆,岁,他们结婚,年却从未有过一张照片,当为婆婆穿上婚纱后,爷爷主动伸手抱婆婆,还喊着要去换衣服把自己打扮成小伙子,嘴里不停的说着,老伴乖,一辈子都紧紧握着你的手,这就是幸福,微信关注,教你恋爱的小技巧,"
1005,0:04:07,"最最亲爱的自己,生日快乐,祝自己一切都好好的,"
1006,0:04:07,"整了一晚的歌,终于搞定了,一想到没能赖床的周末我就哭了,对不住,没能善待好您,"
1007,0:04:07,",姐,被压了你造吗,你看电视了吗气死我了你造吗,不愧是我们家的人,"
1008,0:04:07,"就这样结束了,来自星星的你"
1009,0:04:07,",变态拯救世界,变态假面,真人电影预告公开,这部作品会在,月,日公映,顺带一提这部作品的脚本协力是小栗旬,这算不算常在海边走哪有不湿鞋,"
1010,0:04:07,"油性肌肤,毛孔粗大一般都发生于油性肌肤上,而油性的肌肤会分泌旺盛的油脂,仅仅只考早晚的清洁还是远远不够的,油性的肌肤很容易在表面形成过多的废旧死皮,堵塞毛孔,导致毛孔变大,要避免毛孔粗大现象,定期去角质是非常重要的,每半个月去一次去角质,能改善毛孔粗大,还能使肌肤清爽,透亮,"
1011,0:04:07,"救救孩子,还是先救救自己,你在孩子身上看到的问题,是你自己问题的投射,你自己的恐惧越多,你要求孩子就越多,当你是一个完全无惧父母时,你的孩子才能天然成长,要求,期望,负责是不是爱,别把孩子当,人质,家长往往无意识中不可避免地把孩子当成自己自我安全感的,人质,"
1012,0:04:07,"梅花笺迎新年来,民国早已开始互赠贺年卡,民国的时候,亲友之间互相赠送贺年卡已经成了一种普遍的社会风气,当时,由于社会大众受西方思想及其生活方式的影响和熏陶,人们不仅在辞旧迎新的日子里互赠贺年卡,即使在公历的新年,即元旦,前夕也互相赠送贺年卡,以表示浓浓祝福,"
1013,0:04:07,"简直丢尽了汪星人的脸,"
1014,0:04:07,"我想吃好辣的鱼尾巴,饿起睡不着,"
1015,0:04:07,"僵尸跑酷游戏,消逝的光芒,分钟游戏演示,华纳公布了一段长达,分钟的,消逝的光芒,游戏演示,这款游戏是由,死亡岛,开发商负责开发的丧尸类游戏新作,"
1016,0:04:07,"芳,满庭,"
1017,0:04:07,"每天为爱签到,老婆,生日快乐哈"
1018,0:04:07,"脸要排毒,我们的身体更要排毒哦,每晩临睡前贴一贴,一觉睡到天亮,第二天醒来会发现药包黑油油的哦,你会发现失眠,便秘,想要减肥的不防试试,会带给你很神奇的效果哦,排毒,祛痘,祛湿,祛斑,清体养颜,去除体内辐射,促进睡眠,舒缓疲劳,改善便秘,口臭及腹胀现象足贴,天然的排毒方法,"
1019,0:04:07,"来来来,一起祝福娇娇,没有故事的小女子"
1020,0:04:07,"就二分钟签到的就这么多,你的贴吧人气真的不是一般的不错哈哈,"
1021,0:04:07,",俺修罗,活动限定壁纸公开放送,以同名轻小说改编的动画,我女友与青梅竹马的惨烈修罗场,在昨天举办了相关活动,活动现场田村由加莉也在,气氛十分活跃,今日官方就放出了活动限定版壁纸,喜欢的漫迷可以去官方下载,这里小编提供一个,分辨率的,"
1022,0:04:07,",好朋友就像好胸罩,很难找,但舒服,支撑着你,让你看起来更好,而且始终贴近你的心,"
1023,0:04:07,"小猪,蝴蝶,小鬼,演绎,纤夫的爱,妹妹你坐船头哦,哥哥,岸上走,小猪太搞了,"
1024,0:04:07,",点开抢,"
1025,0:04:07,"她接到儿子的电话后,一脸喜气地冲着他喊,老头子,儿子晚上带对象回来,去快去买点菜回来,买什么买,回来就回来呗,到底谁孝顺谁阿,边说着,人却已经放下了报纸,到了门口,再拿点钱来,我身上就两百,够买什么,"
1026,0:04:07,",无论你做何选择,我都默默陪伴支持"
1027,0:04:07,"真希望可以有一种特异功能,可以帮助想帮助的人,"
1028,0:04:07,"有些事情就像这杯酒一样难以下咽,又难以消化,一件好事的后面为什么总跟着一件坏事,到底是谁搞不清楚状况,"
1029,0:04:07,"我不了,好累,照看小孩子真不是好差事,请大家原谅我吧,我以后每次都用,还不行么,爸爸妈妈我真的好爱你们啊,"
1030,0:04:07,"三月第一天,不要病殃殃,希望早上醒来满血复活,"
1031,0:04:08,"咖喱大虾,做法,锅里油烧热,下洋葱丁,姜片,和葱花,爆香转小火,加入咖喱粉翻炒均匀,倒入椰浆和水,调入黄咖喱酱,搅拌均匀后放入腌制好的大虾,加盐和甜辣酱调味,盖盖转小火儿焖,分钟左右关火即可,"
1032,0:04:08,"绿色调的酒店感觉怪怪的,但是很喜欢它古典风的灯具,还有大露台,望出去就是夜景挺美的,"
1033,0:04:08,",活动执行导演魏导啊,歌词太长记不住木有办法,三更半夜的采用最原始的手写办法,貌似很多年木有手写过中国字了,特么有种回到从前滴感脚,"
1034,0:04:08,"终于看完结局了,又是搞笑又是感动,虽然是舍不得,但还是得告一段落啦,结局虽然并不是那么完美,但是这样子算是不错的啦,再见啦,都教授和二千,"
1035,0:04:08,"居然没听过最长的电影,还不知道是纠结伦唱的,我要检讨下自己,"
1036,0:04:08,"我要考兰州大学,"
1037,0:04:08,"為什麼我要淪落到請他出來吃記陪我,他媽的這個賤人竟然好意思拿,塊出來見我,"
1038,0:04:08,",看,视频,我为喜剧狂,女汉子鄂博全票通过,不知道你是怎么看出人家歧视小孩的,但是老郭说话确实在理,小孩子不懂什么叫名利场,父母却过早地期待他成为什么,肯定是有压力的,看得出来表演很勉强,没有享受到表,分享自,优酷娱乐中心,"
1039,0:04:08,"最近都是外出,有事找就电联,手机有时软件崩掉微信什么可能看不到,"
1040,0:04:08,"中国好歌曲,我很喜欢这首歌,伤非常有感觉哦"
1041,0:04:08,"女神和女汉子的区别其实只用两个字就能概括,卧槽,又中枪,"
1042,0:04:08,"我就那基金支付数据,问会计,会计说以后这种问题别问我,问领导才知道,领导说有钱就有钱,让信息科统计个数据,等式全是不平的,原因不是非法操作就是非法操作,领导就说一句,数字要搞准,却不知准确的数据背后需要多少人的共同努力"
1043,0:04:08,"安纳西,安纳西是阿尔卑斯山区最美丽的小城了,法国人称它为,阿尔卑斯山的阳台,当地人称它是,萨瓦省的威尼斯,特别是城中的那个安纳西湖,它的水来自阿尔卑斯山的冰雪,被认为是全欧最干净的湖,"
1044,0:04:08,"极品飞车,新曝制作特辑,"
1045,0:04:08,"相爱很重要,相守更需要,简单的一个承诺却是可以击败一切,"
1046,0:04:08,"现在的医院照超都不给看小孩性别,那天陪女朋友去医院,前面一孕妇刚做完超看完医生准备离开,离开之前那孕妇跟医生说,医生呀,现在婴儿衣服打折得厉害咧,我想早点买合算,您说我是买黑色酷一点的还是买粉色可爱一点的衣服好呢,医生微微一笑,黑色好看,"
1047,0:04:08,"英菲尼迪推旗舰车,多款衍生车型,英菲尼迪将在,年推出全新旗舰车型,旨在和保时捷和奔驰竞争,工艺上体现英菲尼迪最高水准,也为了提高自身的品牌价值,"
1048,0:04:08,"祝你做到想做的事情,去到想去的地方,生日快乐,十八美丽,"
1049,0:04:08,"深夜发个买家秀,"
1050,0:04:08,",终于回到家了,快的回来真的只要,分钱哦,可又是一堆东西驼回来,结果现在最乱的就是咱这,窟勒,"
1051,0:04:08,"瞬间没心情了,老子以后绝不犯贱,贱,"
1052,0:04:08,"灰姑娘星座女的反转,双鱼座,一直都幻想自己能够成为童话中的公主,与王子相亲相爱,白羊女,一个勇字挂心口的姑娘,对自己充满自信,天蝎女,感情观从来不受世俗的限制,只要爱,都会不择手段把想要的男人抢过来,巨蟹女,柔刚并进,以柔克刚"
1053,0:04:08,"好想回家,跟妈妈说说心里话,未来的路该怎么走"
1054,0:04:08,"發表了一篇轉載博文,攝影知識,攝影名言,"
1055,0:04:08,"不要觉得自己很可怜,"
1056,0:04:08,"雷克萨斯全新亮相上海车展,雷克萨斯第一代车型于,年诞生,在,月的北美车展上,第三代车型正式亮相,面对宝马,系,奔驰级等一系列老对手的换代和改款,新一代的整体更为时尚,运动,"
1057,0:04:09,"突然發覺家裡的面霜少了一點,難道老鼠也要護膚,"
1058,0:04:09,"按摩淡斑,按摩有斑的地方,也可以起到淡化斑点的作用哦,具体的方法是,将拇指伸直,而其他四指握住,然后将拇指的端点压住肌肤的中心,垂直按压,在用力的过程中,先轻后重,让肌肤表层和真皮层都能感受刺激力,按照中心向外直到斑点边缘的位置按压,效果会非常好,"
1059,0:04:09,"馨情睡觉觉去啦,小时后不见不散,"
1060,0:04:09,"支付宝输入学号交的学费,全国才几所学校采用,我们学校太高大上了,"
1061,0:04:09,"一杯,结束了一周的生活,总觉得身边无论怎样都有了男朋友,我却孑然一身,岁月易逝容颜已老,果然是这样的吗,越来越觉得自卑,找不到过去那个嚣张跋扈的自己了,万家灯火却没有一盏为我而留,"
1062,0:04:09,"你没看错,我就是传说中的净坛使者,"
1063,0:04:09,"终于把二月熬完了,二十八天比五百天长的多,付出与得到的不成正比,"
1064,0:04:09,"欢乐,继续多积累人品,开心开心,总能找到让自己让别人欢乐的事,每天都好开心好开心,多让身边的人开心真的好开心,"
1065,0:04:09,"香港男子脚踩,公斤黄金过海关,步伐沉重被识破,月,日据报道,一名香港男子上周经罗湖口岸到深圳时,被关员发觉其步伐沉重,引起怀疑截查,揭发他所穿的运动鞋鞋底,藏有,公斤重金块,市值,万人民币,该男涉走私被捕,交由缉私部门跟进,"
1066,0:04:09,"有些事不能沟通就是不能沟通,如果我说心情不好你们会不会打个电话安慰下呢,"
1067,0:04:09,"全新宝马,仅推出双离合器车型,目前根据海外媒体的最新报道称,未来全新一代宝马,将只会推出匹配双离合器自动变速箱的版本车型,而不会推出手动挡车型,"
1068,0:04:09,"村里来一个卖糖葫芦的,小朋友很想吃,就对小贩说,如果你给我糖葫芦吃,我给你学王八叫,好不,小贩也没听过王八叫,就答应了,吃完糖葫芦,小贩催他赶紧叫,他擦擦嘴,扯着嗓子吼了一声,卖,糖葫芦,来,结果他被小贩在村里追了一下午,"
1069,0:04:09,"嘿嘿,个人觉得还是自己唱给自己的好听,难道还是个激动,试听地址,通过,唱吧,录制,"
1070,0:04:09,"心情跌入谷底,看了陌生人发来的一些笑话时笑着笑着便哭了,"
1071,0:04:09,"老师,我都不知道怎么批评你好,你的脸皮简直就像是皇上他娘,小强,我,我没听明白,老师,太后,厚,呀,"
1072,0:04:09,"我们每天都在说,以后一定要找个有钱,疼自己的,但从来没有想过,我们到底有什么资本找那优秀的成功男人呢,一个女人首先把自己变的优秀起来,才有资格选择以后择偶的标准,不是吗,"
1073,0:04:09,"还是老妈靠谱,有着落拉"
1074,0:04:10,你是我的喂
1075,0:04:10,"我觉得我又干坏事了,负罪感好重,师尊救我,再也不当熊孩子了,"
1076,0:04:10,"不到,就不睡了,"
1077,0:04:10,",丹尼少年,爱尔兰民谣,原是一个世纪前,一位爱尔兰父亲写给即将从军的儿子,告诉他说,当你下次回来的时候,我大概已经躺在坟里,就像整个夏天的过去,花朵的凋零,就像你现在要走,也不能挽留,"
1078,0:04:10,"今早空气质量良,首要污染物,月,日早,时,读数不算高,全市平均,最高的青浦淀山湖,最低的静安监测站,首要污染物变成,平均,最高的浦东川沙,最低的浦东监测站,想要便捷了解上海空气质量,可加上海发布微信,回复,空气,或在菜单栏点击,空气质量,即可,"
1079,0:04:10,"我失眠了,也饿了,"
1080,0:04:12,"彩色铅笔创意广告,德国,公司推出了一些文具,在这里是他们请艺术家为其铅笔所设计的广告,用来诠释它们的颜色与本身事物的接近,"
1081,0:04:12,"明日开刷,霍比特人,史矛格之战,"
1082,0:04:12,",伦敦希思罗国际机场,"
1083,0:04:12,"产妇在分娩过程中需要注意些什么,子宫收缩在整个分娩过程中非常重要,宫缩异常会导致产程停滞,产后出血,第,产程后用手不断按摩子宫,有利于促进宫缩,减少出血,"
1084,0:04:13,"印度被拘女外交官离美回国,律师,抬着高昂的头,印度政府,月,日说,曾被指控签证欺诈的印度女外交官德夫亚尼科布拉加德已获准离开美国,科布拉加德的律师丹尼尔阿尔什阿克表示,这名女外交官,抬着高昂的头,离开美国,旨在暗示她不是被美国驱逐,"
1085,0:04:13,"好希望能像今天的打赌一样那个赌也能是我赢,晚安,"
1086,0:04:13,"美国加州大学洛杉矶分校华裔,教授刘文泰发明的人工电子,眼,继成为目前唯一获美国食,品及药物管理局,批准使用,的人工仿生眼后,日前成功在,密歇根大学眼科中心完成两宗,仿生眼移植手术,据报道,这两宗手术分别,于,年,月,日及,日进,行,"
1087,0:04:13,"感谢新浪,"
1088,0:04:13,"英特尔发布,双核移动处理器,在今日的,展上,英特尔继续呈现了基于的移动处理器,虽然采取了和之前一,样的,纳米工艺,新款,和,芯片将分别配备双,和,内核,还有两个,内核,"
1089,0:04:13,"越来越来讨厌这种感觉,越来越讨厌这样的自己,我不喜欢,我要跳出来,我要离开,时间在快一点,难受,"
1090,0:04:13,"读懂双鱼男恋爱心思,别恶意利用我的宽容心,没错,恋爱当中的双鱼男极尽无私奉献之能事,默默付出,无所欲求,当众人不解,双鱼男还可能会这样解说,爱屋及乌嘛,她的缺点我也该都爱啊,但这只是他们安慰自己的善意谎言罢了,所以,还请不要把他们对你的宽容当做你放纵的资本,"
1091,0:04:13,"对,我就是在晒,我就是在恶趣味的晒,你们来咬我啊,王景就算了,"
1092,0:04:13,"今天心情不错,"
1093,0:04:13,",年,月,日,农历腊月初五,谢赫,穆吉布,拉赫曼就任孟加拉国第一任总统,"
1094,0:04:13,"高自摸,"
1095,0:04:13,"第十八个纪念日了希望快乐,"
1096,0:04:13,"胡甜甜你知道不知道我的心都碎了,"
1097,0:04:13,"张杰第一,大静,"
1098,0:04:14,"看上去好想吃,你想不想吃呢,"
1099,0:04:14,"她因整容而毁容,丈夫想要安慰她就送给上一束紫罗兰,她看到如此美丽的花更是伤心,并捂着脸,我厌恶一切美的东西,从此她便不再回家,事情已经过去了几年,心情已经平复的她再次回到家中,却看到丈夫已将自己刺瞎,丈夫对她说,只有紫罗兰的香气与你的内心,才是真正永恒的美,"
1100,0:04:14,"你好三月,生日快乐,"
1101,0:04:14,",天下之事常成于困约,而败于奢靡,陆,游,"
1102,0:04:14,",月,要看书,还要省钱,"
1103,0:04:14,"地球之梦,本田,实验车型,本田在东京车展揭开了,实验车型的面纱,该车是,款微型双座纯电动车,管架式车身,由本田及其摩托车部门合作打造,塑料车身使整车重量最小化,一次充电可行驶,英里,最高时速,英里每小时,伏充电器,小时完成充电,"
1104,0:04:14,",女人节活动,小黑眼霜原价,活动价,容量,截止,月,号,"
1105,0:04:14,"这样一点都不酷,"
1106,0:04:14,",海绵奶瓶刷,内含一只奶瓶刷,一只替换刷头,独一无二的海绵更易于清洗,不会刮伤玻璃或塑料奶瓶内壁,把手的底部设有奶嘴清洗头,比普通尼龙刷更能有效清洁奶嘴,同时不会不刮伤奶嘴,保持奶嘴的原样,清洗便捷安全,可放置于洗碗机清洗,"
1107,0:04:14,"不管什么,都如此脆弱"
1108,0:04:14,",月慢走,新的开始迎接我,"
1109,0:04:14,"前提是要有要素一可持续啊摔,百度百家,纯文艺,死得快,"
1110,0:04:14,"我国正式启动电子商务立法,月,日,全国人大财经委召开电子商务法起草组成立暨第一次全体会议,本次会议确定了电子商务立法的初步,时间表,从起草组成立至,年,月,进行专题调研和课题研究并完成研究报告,形成立法大纲,年,月至,年,月,开展并完成法律草案起草,"
1111,0:04:14,"三分钟搞定上班族的健康排毒餐,主料,自制酸奶适量,配料,芒果,个,山楂酱少许,玉米脆片少许,草莓若干,杯子清洗干净,铺上一层酸奶,加入一层芒果丁,再铺一层酸奶,撒上一层玉米脆片,加入一层山楂酱,最后铺上酸奶,撒少许碾碎的玉米脆片,"
1112,0:04:14,"花爷,我该怎么办呢,"
1113,0:04:14,"爱情一定是婚姻的前提,而珍惜,才是携手鬓白的那份必须的执念"
1114,0:04:14,"猫,服务员这要怎么吃,服务员,沾着吃,猫,啊,站着吃,"
1115,0:04:14,",各位去服装店的时候,是不是经常会看到很多大镜子,那走过去的时候要么会不由自主的斜过去看几眼,要么就站在镜子前嘚瑟半天,你别跟我说没有,我不信,中枪的顶起来,"
1116,0:04:14,有幸见证人民币汇改以来大幅一次贬值
1117,0:04:14,",首楼更新,由吴佩慈八到山无棱,天地合,本帖猛料已上新闻,感谢爆料的勇士们,关于楼里的料,真假自辨,很多料左右互搏,首楼总结了部分,未完待续,实在太多,更新项目前带,猛料不断,吴佩慈生完孩子逼,"
1118,0:04:14,"分享,的歌曲,心照一生,堅持信念,分享自,虾米音乐,"
1119,0:04:14,"下雨天都没心做作业,莫名烦心"
1120,0:04:14,"浙江卫视引进韩国跑男,希望好看,"
1121,0:04:14,"旧自行车零件改造吊灯,看到有人拿废旧自行车的框架挂锅铲瓢盆,于是萌生了改造自行车的想法,她拿着旧车链,车轮,经过精细的组合安装,最后做成了一个既朋克风格又华丽丽的枝形吊灯,"
1122,0:04:14,"二少啊二少,你够胆向我面前讲多次你系二少,我绝对打死你,系我条女甘蠢先比你厄噶咋,但系算啦,我希望你向我面前讲多次你系加勒比二少,周垃圾,愚蠢的傻,花名都叫废柴,你话你好人得去边,傻仔,"
1123,0:04:14,"或许妳觉得没什么,可对我来说多重要妳知道吗,"
1124,0:04:15,"最讨厌别人烦我,尤其是我困了累了的时候"
1125,0:04:15,"生日快乐,外送帅哥这么多,"
1126,0:04:15,"每天一碗,连着吃了一星期了,我是有多爱吃西梅呀,根本停不下来,"
1127,0:04:15,"嫁给我吧好吗,晚安么么哒,"
1128,0:04:15,"好书交换,是一个二手书交换的地方,在这里设计师为其设计了一系列特别的广告,看图应该都可以认识其中的主人公,不过并不是这么简单,在其中还隐藏着其他,白雪公主与福尔摩斯,哈利波特和特洛伊,小红帽和白鲸,巧妙的表达交换的意思,"
1129,0:04:15,"大盐湖,大盐湖,北美洲最大的内陆盐湖,西半球最大咸水湖,位于美国犹他州西北部,东面是洛基山,西面是沙漠,大盐湖为更新世大冰期大盆地内大淡水湖的残迹湖,大盐湖干燥的自然环境与著名的死海相似,湖水的化学特征与海水相同,"
1130,0:04:15,",黑夜里,是否在绝望,是否在哭泣,是否渴望自己融入黑暗,又是否渴望自己脱离,"
1131,0:04:15,"卧龙山庄,卧龙山庄位于石膏山景区的枢纽地带,建筑面积,余平米,是为游客提供餐饮,住宿,商业娱乐的空间,游人可在此结束一天的行程稍作休息或住宿后进入下一个景区,还可选择乘缆车进入天竺寺景区,或沿溪流徒步进入龙吟谷景区,"
1132,0:04:15,"小黑,你抢镜很成功哦,哈哈,"
1133,0:04:15,"北鼻,还没下水呢,你就游上了,"
1134,0:04:15,"你在和谁厮守,你在何处漂流"
1135,0:04:15,"我去,就三月一日了,刚刚我还怕流量不够用加了,的流量包,"
1136,0:04:15,",岁少年开发游戏保送清华,最爱仙剑,明天小小科学家,竞赛中,李德炜捧回了重庆有史以来第一个一等奖,在,基于,的智能终端并行计算架构,的研究项目,李德炜不仅获得了,万元奖学金,还有望被保送进入清华大学,"
1137,0:04:15,"时间真的不多了,也许是在常州的最后一年了,时间真的是过一天就少一天,等哪天我真的走了,不要忘了我哦,"
1138,0:04:15,"你们这一对对情侣啊,让我好羡慕,一晚被你们刷了,爱晒幸福的女人们"
1139,0:04:15,"晚安,杭州等我,"
1140,0:04:15,"洗葡萄加点醋保鲜哦,蓝莓,葡萄,草莓等浆果容易发霉,保鲜难度大,美国营养专家珂米,哈里斯博士推荐,醋水清洗浆果保鲜法,具体做法是,将浆果放入容器中,然后倒入醋水稀释液,快速轻轻晃动,让每只浆果都得到彻底清洗,然后倒掉醋水,控干或自然晾干浆果即可,"
1141,0:04:15,"亚马逊已累计售出,万台设备,美国市场研究公司日前发布报告称,截止到今年,月,日,亚马逊已经累计售出,万台设备,包括平板电脑,和电子阅读器,占到亚马逊全部顾客的,这也说明设备的用户渗透率相当高,"
1142,0:04:15,"有时候很累,不想说话也不想动,不需要安慰和陪伴,只想要一个人呆着,心累到一定的程度,连生气和计较的力气都没有了,"
1143,0:04:15,"峘峘让我搬她家住去,你怎么看,种种迹象表明,我真的要拯救女人,难怪姐空窗这么久,原来是介样,"
1144,0:04:15,"我居然在看韩剧,不是来自星星的你,不是继承者们,而且想你,"
1145,0:04:15,"摩羯很极端,刚和你相识,会防着你,但当时间慢慢推移,会拿个心和你相处,有关于你的任何事都想去关心,这不是,摩羯八卦,仅仅是因为当你是朋友,一旦你敷衍了的真心实意,摩羯会变成连你的八卦都没兴趣知道,这比恨还可怕,"
1146,0:04:23,"我们班最团结的时候,"
1147,0:04:25,",舔,啊,这个点儿了,要是眼前这一坨是块奶油巧克力蛋糕该多好啊,咩唧咩唧,微信关注,教你更多与宠物沟通的技巧,"
1148,0:04:26,"绑马尾会造成毛囊的伤害,毛囊是很纤细而脆弱的组织,女性在夏天绑马尾绑得太紧,对头发容易造成外力性伤害,或是洗头发后未吹干即睡觉,会造成摩擦力较大,拉扯性也加大,长久时间就容易对毛囊形成破坏,虽然头发经拉扯后脱落,仍然有生长的机会,不过,此时的发质与生长速度都会大受影响,"
1149,0:04:26,"我是歌手第二季,我是歌手第二季,谁才是最后的冠军,张杰,详情,"
1150,0:04:27,",点多的时候困的跟个呆子样的回到家和爹妈聊天到,点多然后现在,点,分我要睡了,"
1151,0:04:27,"所有的三分钟热度,不是冲动和激情,而是在装腔作势"
1152,0:04:27,"我还是明天起来再刷图吧,"
1153,0:04:27,"终于可以睡个好觉,明天醒来第一眼我要见到都敏俊,"
1154,0:04:27,"何必在意过去,杰说得好,不问过去,"
1155,0:04:27,"只是为了积分,求不掉粉,"
1156,0:04:27,"瑞士苏黎世,苏黎世是瑞士第一大城市和经济中心,甚至很多人以为瑞士的首都就是苏黎世,苏黎世被誉为湖上的花园城,市内满是的精心修整的花园,漫步城中,整齐,洁净,随处是鲜花绿草与别致的建筑物,"
1157,0:04:27,"离发工资还有,天"
1158,0:04:27,"昨天被骂了一天傻逼,恩,还好,今天是美好的一天,"
1159,0:04:27,"生活很多时候是会有很多不公平的,人生也是起起伏伏悲悲喜喜,这才构成完整的人生,正是在平淡中我们感悟人生的真谛,在风雨中锻炼我们的坚强,人生正是因为在酸甜苦辣咸的浸泡中走向了深刻,更加富有内涵,晚安,"
1160,0:04:27,"第一次听小野瓶的抓,大好评,越来越期待恋爱前夜了"
1161,0:04:27,"我傻逼了,谢谢,你对我有多好,天知道"
1162,0:04:27,",年,将于纽约车展亮相的斯巴鲁,车型将会使用全新的,升,水平对卧引擎,输出动力为,马力,扭力,搭配无段变速箱达到更大的燃油效率,市区油耗,高速油耗,平均油耗,另外提供六速手排的变速箱,"
1163,0:04:27,"终于在最忙碌的一周后,眼睛受不了,上火了,"
1164,0:04:28,"忘记过去的错误,一切重新开始,今天是争取机遇的日子,"
1165,0:04:28,我每天不讓自己休息就是怕自己會想你
1166,0:04:28,"偶滚,滚,小兔兔真可爱啊,哈哈"
1167,0:04:28,"那段记忆是美好的,我想,在我胡思乱想之前,在它变质之前,把它冷藏起来,那样,它还是美好的,"
1168,0:04:28,"不敢发,"
1169,0:04:28,"小学同学,生日快乐越来越帅,越长越高,跟你女朋友一直好下去,生日快乐噢,"
1170,0:04:28,",后天就是,月,了,抖"
1171,0:04:28,"趁我还年轻,要说人生什么时候最美好,什么时候最肆意,什么时候最疯狂,答案只有一个,青春,因为在这个时候,我们不需要装模作样证明我们自己,世界属于我们,我们想什么什么就是最好的,"
1172,0:04:28,"修补失败,那就换掉吧,全新的要开始了,自己做好准备没有,"
1173,0:04:28,"如果我们的教育不是不给力的话我们国家的人活的会很幸福,我们国家的教育和思想让人自私,这是不争的事实,如果不是这样,中华美德,加上教育,我们会过得很滋润,共产主义早已实现,但是不给力的教育让师傅流一手,很多传承没了,不给力的教育,父母不管了,可怜之人必有可恨之处,但是方法不是人人会"
1174,0:04:28,"人生都在不斷嘗試的路上行進,堅持自己努力向前吧,"
1175,0:04:28,"十二星座缺乏安全感的表现,白羊,有话不直说,金牛,无钱无品无身价,双子,无趣平淡无奇,巨蟹,缺乏安全感,狮子,缺乏挑战性,处女,洁癖加谨慎,天秤,需要足够的重视,天蝎,第三者出现,射手,死气沉沉无活力,魔羯,面对不可解决的爱情问题,水瓶,自由,行踪被控制,双鱼,日日以泪洗面,"
1176,0:04:28,第五天
1177,0:04:28,"不要以为你放不下的人同样放不下你,鱼没有水会死,水没有鱼会更清澈,"
1178,0:04:28,"直到半夜接到你的电话,听到你因为紧张而发抖的声音,眼前就会浮现我们当初一起聊天的时候你神采飞扬的样子,再遇见你会不会害羞地低着头,"
1179,0:04:28,"高中时的班主任结婚了,他比新娘大,岁,还是师生恋哟,真爱啊,有情人终成眷属,撒花,"
1180,0:04:29,"只是这个点想艾特你一张照片,时光总是美好的,就封藏在记忆里吧,图片出处见,陈晓"
1181,0:04:29,"这一路又累又饿的,真难为你们了,好好休息,不要醒太早了"
1182,0:04:30,"牛奶炖蛋,个鸡蛋倒入碗中加,勺糖,打成蛋液让糖溶解,蛋液倒入筛网过滤蛋中杂质,盒牛奶倒入蛋液中拌均,倒入筛网中过滤,次,表面的气泡用小勺挑出,盖上一层保鲜膜,放入蒸锅中,大火加热,当蒸锅中的水沸腾后,转为小火,蒸约,分钟,芒果丁,杏仁摆好即可,"
1183,0:04:32,"眼神儿更不好了,现在根本就看不见人"
1184,0:04:32,",大晚上不睡觉你想干嘛,古耐,"